{
  "hardware_name": "Jetson AGX Orin for DSBOARD-AGX",
  "calibration_date": "2026-02-01T14:29:26.811284+00:00",
  "dla_core": 0,
  "precision": "fp16",
  "framework": "tensorrt",
  "tensorrt_version": "8.5.2.2",
  "gpu_fallback": true,
  "python_version": "3.8.10",
  "platform_architecture": "aarch64",
  "total_benchmarks": 21,
  "successful_benchmarks": 21,
  "failed_benchmarks": 0,
  "layer_benchmarks": [
    {
      "layer_type": "conv2d",
      "config": "Conv2d(3,64,k3,s1)",
      "params": {
        "in_channels": 3,
        "out_channels": 64,
        "kernel_size": 3,
        "stride": 1,
        "padding": 1,
        "input_hw": 224
      },
      "input_shape": [
        1,
        3,
        224,
        224
      ],
      "batch_size": 1,
      "flops": 173408256,
      "precision": "fp16",
      "dla_core": 0,
      "status": "success",
      "latency_ms": 2.425856113433838,
      "mean_ms": 2.4271379208564756,
      "min_ms": 2.4172799587249756,
      "max_ms": 2.4511361122131348,
      "std_ms": 0.0057748675375087245,
      "tflops": 0.07148332295543196,
      "on_dla": true,
      "dla_layer_count": 3,
      "gpu_layer_count": 0,
      "attained_gflops": 71.48332295543194,
      "peak_gflops": 2662.4,
      "efficiency": 0.02684920483602462
    },
    {
      "layer_type": "conv2d",
      "config": "Conv2d(64,64,k3,s1)",
      "params": {
        "in_channels": 64,
        "out_channels": 64,
        "kernel_size": 3,
        "stride": 1,
        "padding": 1,
        "input_hw": 56
      },
      "input_shape": [
        1,
        64,
        56,
        56
      ],
      "batch_size": 1,
      "flops": 231211008,
      "precision": "fp16",
      "dla_core": 0,
      "status": "success",
      "latency_ms": 0.4768959879875183,
      "mean_ms": 0.4771001610159874,
      "min_ms": 0.4689919948577881,
      "max_ms": 0.5061119794845581,
      "std_ms": 0.004759094854316794,
      "tflops": 0.484824812587963,
      "on_dla": true,
      "dla_layer_count": 3,
      "gpu_layer_count": 0,
      "attained_gflops": 484.8248125879629,
      "peak_gflops": 2662.4,
      "efficiency": 0.18210066578574327
    },
    {
      "layer_type": "conv2d",
      "config": "Conv2d(64,128,k3,s2)",
      "params": {
        "in_channels": 64,
        "out_channels": 128,
        "kernel_size": 3,
        "stride": 2,
        "padding": 1,
        "input_hw": 56
      },
      "input_shape": [
        1,
        64,
        56,
        56
      ],
      "batch_size": 1,
      "flops": 115605504,
      "precision": "fp16",
      "dla_core": 0,
      "status": "success",
      "latency_ms": 0.4509119987487793,
      "mean_ms": 0.45110751897096635,
      "min_ms": 0.4434559941291809,
      "max_ms": 0.47097599506378174,
      "std_ms": 0.0044091269159240954,
      "tflops": 0.2563815208306496,
      "on_dla": true,
      "dla_layer_count": 3,
      "gpu_layer_count": 0,
      "attained_gflops": 256.3815208306496,
      "peak_gflops": 2662.4,
      "efficiency": 0.09629714574468509
    },
    {
      "layer_type": "conv2d",
      "config": "Conv2d(128,256,k3,s2)",
      "params": {
        "in_channels": 128,
        "out_channels": 256,
        "kernel_size": 3,
        "stride": 2,
        "padding": 1,
        "input_hw": 28
      },
      "input_shape": [
        1,
        128,
        28,
        28
      ],
      "batch_size": 1,
      "flops": 115605504,
      "precision": "fp16",
      "dla_core": 0,
      "status": "success",
      "latency_ms": 0.4185279905796051,
      "mean_ms": 0.4194233590364456,
      "min_ms": 0.4115839898586273,
      "max_ms": 0.42956799268722534,
      "std_ms": 0.003397031432123241,
      "tflops": 0.2762192890370412,
      "on_dla": true,
      "dla_layer_count": 3,
      "gpu_layer_count": 0,
      "attained_gflops": 276.2192890370412,
      "peak_gflops": 2662.4,
      "efficiency": 0.10374823055778291
    },
    {
      "layer_type": "conv2d",
      "config": "Conv2d(256,512,k3,s2)",
      "params": {
        "in_channels": 256,
        "out_channels": 512,
        "kernel_size": 3,
        "stride": 2,
        "padding": 1,
        "input_hw": 14
      },
      "input_shape": [
        1,
        256,
        14,
        14
      ],
      "batch_size": 1,
      "flops": 115605504,
      "precision": "fp16",
      "dla_core": 0,
      "status": "success",
      "latency_ms": 0.6735680103302002,
      "mean_ms": 0.6744860804080963,
      "min_ms": 0.6662399768829346,
      "max_ms": 0.712448000907898,
      "std_ms": 0.00585956449265036,
      "tflops": 0.1716315238060775,
      "on_dla": true,
      "dla_layer_count": 3,
      "gpu_layer_count": 0,
      "attained_gflops": 171.6315238060775,
      "peak_gflops": 2662.4,
      "efficiency": 0.06446496537187406
    },
    {
      "layer_type": "conv2d",
      "config": "Conv2d(64,256,k1,s1)",
      "params": {
        "in_channels": 64,
        "out_channels": 256,
        "kernel_size": 1,
        "stride": 1,
        "padding": 0,
        "input_hw": 56
      },
      "input_shape": [
        1,
        64,
        56,
        56
      ],
      "batch_size": 1,
      "flops": 102760448,
      "precision": "fp16",
      "dla_core": 0,
      "status": "success",
      "latency_ms": 0.4810880124568939,
      "mean_ms": 0.48136895954608916,
      "min_ms": 0.4750399887561798,
      "max_ms": 0.49055999517440796,
      "std_ms": 0.0033118579313069435,
      "tflops": 0.2136001008946517,
      "on_dla": true,
      "dla_layer_count": 3,
      "gpu_layer_count": 0,
      "attained_gflops": 213.6001008946517,
      "peak_gflops": 2662.4,
      "efficiency": 0.08022840328074357
    },
    {
      "layer_type": "conv2d",
      "config": "Conv2d(256,64,k1,s1)",
      "params": {
        "in_channels": 256,
        "out_channels": 64,
        "kernel_size": 1,
        "stride": 1,
        "padding": 0,
        "input_hw": 56
      },
      "input_shape": [
        1,
        256,
        56,
        56
      ],
      "batch_size": 1,
      "flops": 102760448,
      "precision": "fp16",
      "dla_core": 0,
      "status": "success",
      "latency_ms": 0.4729920029640198,
      "mean_ms": 0.47256864041090013,
      "min_ms": 0.4621120095252991,
      "max_ms": 0.4837439954280853,
      "std_ms": 0.0034994370217041335,
      "tflops": 0.2172562059317035,
      "on_dla": true,
      "dla_layer_count": 3,
      "gpu_layer_count": 0,
      "attained_gflops": 217.25620593170353,
      "peak_gflops": 2662.4,
      "efficiency": 0.08160163984814585
    },
    {
      "layer_type": "conv2d",
      "config": "Conv2d(512,2048,k1,s1)",
      "params": {
        "in_channels": 512,
        "out_channels": 2048,
        "kernel_size": 1,
        "stride": 1,
        "padding": 0,
        "input_hw": 7
      },
      "input_shape": [
        1,
        512,
        7,
        7
      ],
      "batch_size": 1,
      "flops": 102760448,
      "precision": "fp16",
      "dla_core": 0,
      "status": "success",
      "latency_ms": 0.6408320069313049,
      "mean_ms": 0.6416262358427047,
      "min_ms": 0.6325439810752869,
      "max_ms": 0.6557440161705017,
      "std_ms": 0.004947124760103687,
      "tflops": 0.1603547371050953,
      "on_dla": true,
      "dla_layer_count": 3,
      "gpu_layer_count": 0,
      "attained_gflops": 160.35473710509527,
      "peak_gflops": 2662.4,
      "efficiency": 0.060229393443920996
    },
    {
      "layer_type": "conv2d",
      "config": "Conv2d(32,64,k5,s1)",
      "params": {
        "in_channels": 32,
        "out_channels": 64,
        "kernel_size": 5,
        "stride": 1,
        "padding": 2,
        "input_hw": 112
      },
      "input_shape": [
        1,
        32,
        112,
        112
      ],
      "batch_size": 1,
      "flops": 1284505600,
      "precision": "fp16",
      "dla_core": 0,
      "status": "success",
      "latency_ms": 2.10099196434021,
      "mean_ms": 2.127490565776825,
      "min_ms": 2.062016010284424,