{
  "hardware_name": "Jetson AGX Orin for DSBOARD-AGX",
  "calibration_date": "2026-02-01T14:32:47.174787+00:00",
  "dla_core": 0,
  "precision": "int8",
  "framework": "tensorrt",
  "tensorrt_version": "8.5.2.2",
  "gpu_fallback": true,
  "python_version": "3.8.10",
  "platform_architecture": "aarch64",
  "total_benchmarks": 21,
  "successful_benchmarks": 21,
  "failed_benchmarks": 0,
  "layer_benchmarks": [
    {
      "layer_type": "conv2d",
      "config": "Conv2d(3,64,k3,s1)",
      "params": {
        "in_channels": 3,
        "out_channels": 64,
        "kernel_size": 3,
        "stride": 1,
        "padding": 1,
        "input_hw": 224
      },
      "input_shape": [
        1,
        3,
        224,
        224
      ],
      "batch_size": 1,
      "flops": 173408256,
      "precision": "int8",
      "dla_core": 0,
      "status": "success",
      "latency_ms": 0.44863998889923096,
      "mean_ms": 0.44988736033439636,
      "min_ms": 0.44019201397895813,
      "max_ms": 0.5162879824638367,
      "std_ms": 0.008063832877261005,
      "tflops": 0.38651983837969744,
      "on_dla": true,
      "dla_layer_count": 3,
      "gpu_layer_count": 0,
      "attained_gflops": 386.5198383796974,
      "peak_gflops": 5324.8,
      "efficiency": 0.07258861147455253
    },
    {
      "layer_type": "conv2d",
      "config": "Conv2d(64,64,k3,s1)",
      "params": {
        "in_channels": 64,
        "out_channels": 64,
        "kernel_size": 3,
        "stride": 1,
        "padding": 1,
        "input_hw": 56
      },
      "input_shape": [
        1,
        64,
        56,
        56
      ],
      "batch_size": 1,
      "flops": 231211008,
      "precision": "int8",
      "dla_core": 0,
      "status": "success",
      "latency_ms": 0.17187200486660004,
      "mean_ms": 0.17231615871191025,
      "min_ms": 0.1629759967327118,
      "max_ms": 0.19913600385189056,
      "std_ms": 0.004996534172867907,
      "tflops": 1.345251125565542,
      "on_dla": true,
      "dla_layer_count": 3,
      "gpu_layer_count": 0,
      "attained_gflops": 1345.251125565542,
      "peak_gflops": 5324.8,
      "efficiency": 0.2526388081365576
    },
    {
      "layer_type": "conv2d",
      "config": "Conv2d(64,128,k3,s2)",
      "params": {
        "in_channels": 64,
        "out_channels": 128,
        "kernel_size": 3,
        "stride": 2,
        "padding": 1,
        "input_hw": 56
      },
      "input_shape": [
        1,
        64,
        56,
        56
      ],
      "batch_size": 1,
      "flops": 115605504,
      "precision": "int8",
      "dla_core": 0,
      "status": "success",
      "latency_ms": 0.1711679995059967,
      "mean_ms": 0.17202079966664313,
      "min_ms": 0.16659200191497803,
      "max_ms": 0.19913600385189056,
      "std_ms": 0.003885521188441822,
      "tflops": 0.6753920378437903,
      "on_dla": true,
      "dla_layer_count": 3,
      "gpu_layer_count": 0,
      "attained_gflops": 675.3920378437903,
      "peak_gflops": 5324.8,
      "efficiency": 0.1268389494147743
    },
    {
      "layer_type": "conv2d",
      "config": "Conv2d(128,256,k3,s2)",
      "params": {
        "in_channels": 128,
        "out_channels": 256,
        "kernel_size": 3,
        "stride": 2,
        "padding": 1,
        "input_hw": 28
      },
      "input_shape": [
        1,
        128,
        28,
        28
      ],
      "batch_size": 1,
      "flops": 115605504,
      "precision": "int8",
      "dla_core": 0,
      "status": "success",
      "latency_ms": 0.16867199540138245,
      "mean_ms": 0.16939744010567664,
      "min_ms": 0.16150400042533875,
      "max_ms": 0.22550399601459503,
      "std_ms": 0.006629306334917735,
      "tflops": 0.6853864728694167,
      "on_dla": true,
      "dla_layer_count": 3,
      "gpu_layer_count": 0,
      "attained_gflops": 685.3864728694167,
      "peak_gflops": 5324.8,
      "efficiency": 0.1287159091176038
    },
    {
      "layer_type": "conv2d",
      "config": "Conv2d(256,512,k3,s2)",
      "params": {
        "in_channels": 256,
        "out_channels": 512,
        "kernel_size": 3,
        "stride": 2,
        "padding": 1,
        "input_hw": 14
      },
      "input_shape": [
        1,
        256,
        14,
        14
      ],
      "batch_size": 1,
      "flops": 115605504,
      "precision": "int8",
      "dla_core": 0,
      "status": "success",
      "latency_ms": 0.19315199553966522,
      "mean_ms": 0.19310783967375755,
      "min_ms": 0.1842239946126938,
      "max_ms": 0.2441280037164688,
      "std_ms": 0.006340673707571183,
      "tflops": 0.5985208885727485,
      "on_dla": true,
      "dla_layer_count": 3,
      "gpu_layer_count": 0,
      "attained_gflops": 598.5208885727486,
      "peak_gflops": 5324.8,
      "efficiency": 0.11240251062438938
    },
    {
      "layer_type": "conv2d",
      "config": "Conv2d(64,256,k1,s1)",
      "params": {
        "in_channels": 64,
        "out_channels": 256,
        "kernel_size": 1,
        "stride": 1,
        "padding": 0,
        "input_hw": 56
      },
      "input_shape": [
        1,
        64,
        56,
        56
      ],
      "batch_size": 1,
      "flops": 102760448,
      "precision": "int8",
      "dla_core": 0,
      "status": "success",
      "latency_ms": 0.2710399925708771,
      "mean_ms": 0.27124383956193926,
      "min_ms": 0.26335999369621277,
      "max_ms": 0.29151999950408936,
      "std_ms": 0.0045856296163347245,
      "tflops": 0.37913389468946396,
      "on_dla": true,
      "dla_layer_count": 3,
      "gpu_layer_count": 0,
      "attained_gflops": 379.13389468946394,
      "peak_gflops": 5324.8,
      "efficiency": 0.07120152769859224
    },
    {
      "layer_type": "conv2d",
      "config": "Conv2d(256,64,k1,s1)",
      "params": {
        "in_channels": 256,
        "out_channels": 64,
        "kernel_size": 1,
        "stride": 1,
        "padding": 0,
        "input_hw": 56
      },
      "input_shape": [
        1,
        256,
        56,
        56
      ],
      "batch_size": 1,
      "flops": 102760448,
      "precision": "int8",
      "dla_core": 0,
      "status": "success",
      "latency_ms": 0.24934400618076324,
      "mean_ms": 0.24964512050151824,
      "min_ms": 0.2417919933795929,
      "max_ms": 0.26579201221466064,
      "std_ms": 0.00332557859297868,
      "tflops": 0.41212319306967127,
      "on_dla": true,
      "dla_layer_count": 3,
      "gpu_layer_count": 0,
      "attained_gflops": 412.12319306967134,
      "peak_gflops": 5324.8,
      "efficiency": 0.07739693379463479
    },
    {
      "layer_type": "conv2d",
      "config": "Conv2d(512,2048,k1,s1)",
      "params": {
        "in_channels": 512,
        "out_channels": 2048,
        "kernel_size": 1,
        "stride": 1,
        "padding": 0,
        "input_hw": 7
      },
      "input_shape": [
        1,
        512,
        7,
        7
      ],
      "batch_size": 1,
      "flops": 102760448,
      "precision": "int8",
      "dla_core": 0,
      "status": "success",
      "latency_ms": 0.19155199825763702,
      "mean_ms": 0.1923833607137203,
      "min_ms": 0.18358400464057922,
      "max_ms": 0.25299200415611267,
      "std_ms": 0.007255614730750817,
      "tflops": 0.5364624171750347,
      "on_dla": true,
      "dla_layer_count": 3,
      "gpu_layer_count": 0,
      "attained_gflops": 536.4624171750347,
      "peak_gflops": 5324.8,
      "efficiency": 0.10074789986009516
    },
    {
      "layer_type": "conv2d",
      "config": "Conv2d(32,64,k5,s1)",
      "params": {
        "in_channels": 32,
        "out_channels": 64,
        "kernel_size": 5,
        "stride": 1,
        "padding": 2,
        "input_hw": 112
      },
      "input_shape": [
        1,
        32,
        112,
        112
      ],
      "batch_size": 1,
      "flops": 1284505600,
      "precision": "int8",
      "dla_core": 0,
      "status": "success",
      "latency_ms": 0.34697601199150085,
      "mean_ms": 0.35089951813220976,