{
  "hardware_name": "Jetson AGX Orin for DSBOARD-AGX",
  "calibration_date": "2026-02-01T03:00:14.277149+00:00",
  "dla_core": 0,
  "precision": "fp16",
  "framework": "tensorrt",
  "tensorrt_version": "8.5.2.2",
  "gpu_fallback": true,
  "python_version": "3.8.10",
  "platform_architecture": "aarch64",
  "total_benchmarks": 21,
  "successful_benchmarks": 21,
  "failed_benchmarks": 0,
  "layer_benchmarks": [
    {
      "layer_type": "conv2d",
      "config": "Conv2d(3,64,k3,s1)",
      "params": {
        "in_channels": 3,
        "out_channels": 64,
        "kernel_size": 3,
        "stride": 1,
        "padding": 1,
        "input_hw": 224
      },
      "input_shape": [
        1,
        3,
        224,
        224
      ],
      "batch_size": 1,
      "flops": 173408256,
      "precision": "fp16",
      "dla_core": 0,
      "status": "success",
      "latency_ms": 2.4492480754852295,
      "mean_ms": 2.453677752017975,
      "min_ms": 2.439296007156372,
      "max_ms": 2.8847360610961914,
      "std_ms": 0.04374310786826691,
      "tflops": 0.07080060927092714,
      "on_dla": true,
      "dla_layer_count": 3,
      "gpu_layer_count": 0,
      "attained_gflops": 70.80060927092714,
      "peak_gflops": 2662.4,
      "efficiency": 0.02659277691966915
    },
    {
      "layer_type": "conv2d",
      "config": "Conv2d(64,64,k3,s1)",
      "params": {
        "in_channels": 64,
        "out_channels": 64,
        "kernel_size": 3,
        "stride": 1,
        "padding": 1,
        "input_hw": 56
      },
      "input_shape": [
        1,
        64,
        56,
        56
      ],
      "batch_size": 1,
      "flops": 231211008,
      "precision": "fp16",
      "dla_core": 0,
      "status": "success",
      "latency_ms": 0.5036479830741882,
      "mean_ms": 0.5044140782952309,
      "min_ms": 0.49462398886680603,
      "max_ms": 0.530784010887146,
      "std_ms": 0.005377489897610658,
      "tflops": 0.4590726375765952,
      "on_dla": true,
      "dla_layer_count": 3,
      "gpu_layer_count": 0,
      "attained_gflops": 459.0726375765953,
      "peak_gflops": 2662.4,
      "efficiency": 0.17242812408976685
    },
    {
      "layer_type": "conv2d",
      "config": "Conv2d(64,128,k3,s2)",
      "params": {
        "in_channels": 64,
        "out_channels": 128,
        "kernel_size": 3,
        "stride": 2,
        "padding": 1,
        "input_hw": 56
      },
      "input_shape": [
        1,
        64,
        56,
        56
      ],
      "batch_size": 1,
      "flops": 115605504,
      "precision": "fp16",
      "dla_core": 0,
      "status": "success",
      "latency_ms": 0.4824639856815338,
      "mean_ms": 0.6106649598479271,
      "min_ms": 0.41100800037384033,
      "max_ms": 2.198496103286743,
      "std_ms": 0.26337995490005445,
      "tflops": 0.23961478458686283,
      "on_dla": true,
      "dla_layer_count": 3,
      "gpu_layer_count": 0,
      "attained_gflops": 239.6147845868628,
      "peak_gflops": 2662.4,
      "efficiency": 0.089999543489657
    },
    {
      "layer_type": "conv2d",
      "config": "Conv2d(128,256,k3,s2)",
      "params": {
        "in_channels": 128,
        "out_channels": 256,
        "kernel_size": 3,
        "stride": 2,
        "padding": 1,
        "input_hw": 28
      },
      "input_shape": [
        1,
        128,
        28,
        28
      ],
      "batch_size": 1,
      "flops": 115605504,
      "precision": "fp16",
      "dla_core": 0,
      "status": "success",
      "latency_ms": 0.45184001326560974,
      "mean_ms": 0.4527724796533585,
      "min_ms": 0.43884798884391785,
      "max_ms": 0.49427199363708496,
      "std_ms": 0.007197173911301269,
      "tflops": 0.25585494999541447,
      "on_dla": true,
      "dla_layer_count": 3,
      "gpu_layer_count": 0,
      "attained_gflops": 255.8549499954145,
      "peak_gflops": 2662.4,
      "efficiency": 0.09609936523265268
    },
    {
      "layer_type": "conv2d",
      "config": "Conv2d(256,512,k3,s2)",
      "params": {
        "in_channels": 256,
        "out_channels": 512,
        "kernel_size": 3,
        "stride": 2,
        "padding": 1,
        "input_hw": 14
      },
      "input_shape": [
        1,
        256,
        14,
        14
      ],
      "batch_size": 1,
      "flops": 115605504,
      "precision": "fp16",
      "dla_core": 0,
      "status": "success",
      "latency_ms": 0.7029119729995728,
      "mean_ms": 0.7092700803279877,
      "min_ms": 0.6937599778175354,
      "max_ms": 1.2824000120162964,
      "std_ms": 0.057861480248811346,
      "tflops": 0.1644665455144698,
      "on_dla": true,
      "dla_layer_count": 3,
      "gpu_layer_count": 0,
      "attained_gflops": 164.4665455144698,
      "peak_gflops": 2662.4,
      "efficiency": 0.061773792636144007
    },
    {
      "layer_type": "conv2d",
      "config": "Conv2d(64,256,k1,s1)",
      "params": {
        "in_channels": 64,
        "out_channels": 256,
        "kernel_size": 1,
        "stride": 1,
        "padding": 0,
        "input_hw": 56
      },
      "input_shape": [
        1,
        64,
        56,
        56
      ],
      "batch_size": 1,
      "flops": 102760448,
      "precision": "fp16",
      "dla_core": 0,
      "status": "success",
      "latency_ms": 0.532863974571228,
      "mean_ms": 0.5337459194660187,
      "min_ms": 0.5232639908790588,
      "max_ms": 0.5740159749984741,
      "std_ms": 0.007117405751753423,
      "tflops": 0.19284555328156078,
      "on_dla": true,
      "dla_layer_count": 3,
      "gpu_layer_count": 0,
      "attained_gflops": 192.84555328156077,
      "peak_gflops": 2662.4,
      "efficiency": 0.07243297524097084
    },
    {
      "layer_type": "conv2d",
      "config": "Conv2d(256,64,k1,s1)",
      "params": {
        "in_channels": 256,
        "out_channels": 64,
        "kernel_size": 1,
        "stride": 1,
        "padding": 0,
        "input_hw": 56
      },
      "input_shape": [
        1,
        256,
        56,
        56
      ],
      "batch_size": 1,
      "flops": 102760448,
      "precision": "fp16",
      "dla_core": 0,
      "status": "success",
      "latency_ms": 0.5165119767189026,
      "mean_ms": 0.5171312016248703,
      "min_ms": 0.5064640045166016,
      "max_ms": 0.5490559935569763,
      "std_ms": 0.005710768166485009,
      "tflops": 0.19895075551350583,
      "on_dla": true,
      "dla_layer_count": 3,
      "gpu_layer_count": 0,
      "attained_gflops": 198.95075551350584,
      "peak_gflops": 2662.4,
      "efficiency": 0.07472609506967617
    },
    {
      "layer_type": "conv2d",
      "config": "Conv2d(512,2048,k1,s1)",
      "params": {
        "in_channels": 512,
        "out_channels": 2048,
        "kernel_size": 1,
        "stride": 1,
        "padding": 0,
        "input_hw": 7
      },
      "input_shape": [
        1,
        512,
        7,
        7
      ],
      "batch_size": 1,
      "flops": 102760448,
      "precision": "fp16",
      "dla_core": 0,
      "status": "success",
      "latency_ms": 0.6731200218200684,
      "mean_ms": 0.6735785603523254,
      "min_ms": 0.6656000018119812,
      "max_ms": 0.6873599886894226,
      "std_ms": 0.004213964423598675,
      "tflops": 0.15266289022594084,
      "on_dla": true,
      "dla_layer_count": 3,
      "gpu_layer_count": 0,
      "attained_gflops": 152.66289022594086,
      "peak_gflops": 2662.4,
      "efficiency": 0.057340328360103984
    },
    {
      "layer_type": "conv2d",
      "config": "Conv2d(32,64,k5,s1)",
      "params": {
        "in_channels": 32,
        "out_channels": 64,
        "kernel_size": 5,
        "stride": 1,
        "padding": 2,
        "input_hw": 112
      },
      "input_shape": [
        1,
        32,
        112,
        112
      ],
      "batch_size": 1,
      "flops": 1284505600,
      "precision": "fp16",
      "dla_core": 0,
      "status": "success",
      "latency_ms": 2.151103973388672,
      "mean_ms": 2.1600905513763426,
      "min_ms": 2.105664014816284,