{
  "hardware_name": "Jetson AGX Orin for DSBOARD-AGX",
  "calibration_date": "2026-01-31T23:17:25.252898+00:00",
  "dla_core": 0,
  "precision": "int8",
  "framework": "tensorrt",
  "tensorrt_version": "8.5.2.2",
  "gpu_fallback": true,
  "python_version": "3.8.10",
  "platform_architecture": "aarch64",
  "total_benchmarks": 21,
  "successful_benchmarks": 21,
  "failed_benchmarks": 0,
  "layer_benchmarks": [
    {
      "layer_type": "conv2d",
      "config": "Conv2d(3,64,k3,s1)",
      "params": {
        "in_channels": 3,
        "out_channels": 64,
        "kernel_size": 3,
        "stride": 1,
        "padding": 1,
        "input_hw": 224
      },
      "input_shape": [
        1,
        3,
        224,
        224
      ],
      "batch_size": 1,
      "flops": 173408256,
      "precision": "int8",
      "dla_core": 0,
      "status": "success",
      "latency_ms": 0.6021119952201843,
      "mean_ms": 0.6024572789669037,
      "min_ms": 0.5922880172729492,
      "max_ms": 0.6162880063056946,
      "std_ms": 0.005202489785520145,
      "tflops": 0.2880000022862639,
      "on_dla": true,
      "dla_layer_count": 3,
      "gpu_layer_count": 0,
      "attained_gflops": 288.00000228626385,
      "peak_gflops": 5324.8,
      "efficiency": 0.05408653889089991
    },
    {
      "layer_type": "conv2d",
      "config": "Conv2d(64,64,k3,s1)",
      "params": {
        "in_channels": 64,
        "out_channels": 64,
        "kernel_size": 3,
        "stride": 1,
        "padding": 1,
        "input_hw": 56
      },
      "input_shape": [
        1,
        64,
        56,
        56
      ],
      "batch_size": 1,
      "flops": 231211008,
      "precision": "int8",
      "dla_core": 0,
      "status": "success",
      "latency_ms": 0.2226240038871765,
      "mean_ms": 0.22420319974422454,
      "min_ms": 0.21580800414085388,
      "max_ms": 0.2531520128250122,
      "std_ms": 0.005984552368416416,
      "tflops": 1.038571780054658,
      "on_dla": true,
      "dla_layer_count": 3,
      "gpu_layer_count": 0,
      "attained_gflops": 1038.571780054658,
      "peak_gflops": 5324.8,
      "efficiency": 0.19504427960762055
    },
    {
      "layer_type": "conv2d",
      "config": "Conv2d(64,128,k3,s2)",
      "params": {
        "in_channels": 64,
        "out_channels": 128,
        "kernel_size": 3,
        "stride": 2,
        "padding": 1,
        "input_hw": 56
      },
      "input_shape": [
        1,
        64,
        56,
        56
      ],
      "batch_size": 1,
      "flops": 115605504,
      "precision": "int8",
      "dla_core": 0,
      "status": "success",
      "latency_ms": 0.21267199516296387,
      "mean_ms": 0.4138419233262539,
      "min_ms": 0.15148800611495972,
      "max_ms": 1.1501439809799194,
      "std_ms": 0.37110244395768477,
      "tflops": 0.5435859287040361,
      "on_dla": true,
      "dla_layer_count": 3,
      "gpu_layer_count": 0,
      "attained_gflops": 543.5859287040362,
      "peak_gflops": 5324.8,
      "efficiency": 0.1020856987500068
    },
    {
      "layer_type": "conv2d",
      "config": "Conv2d(128,256,k3,s2)",
      "params": {
        "in_channels": 128,
        "out_channels": 256,
        "kernel_size": 3,
        "stride": 2,
        "padding": 1,
        "input_hw": 28
      },
      "input_shape": [
        1,
        128,
        28,
        28
      ],
      "batch_size": 1,
      "flops": 115605504,
      "precision": "int8",
      "dla_core": 0,
      "status": "success",
      "latency_ms": 0.21142399311065674,
      "mean_ms": 0.22045855939388276,
      "min_ms": 0.20112000405788422,
      "max_ms": 1.0937919616699219,
      "std_ms": 0.08785420297268878,
      "tflops": 0.5467946295929312,
      "on_dla": true,
      "dla_layer_count": 3,
      "gpu_layer_count": 0,
      "attained_gflops": 546.7946295929312,
      "peak_gflops": 5324.8,
      "efficiency": 0.10268829431958593
    },
    {
      "layer_type": "conv2d",
      "config": "Conv2d(256,512,k3,s2)",
      "params": {
        "in_channels": 256,
        "out_channels": 512,
        "kernel_size": 3,
        "stride": 2,
        "padding": 1,
        "input_hw": 14
      },
      "input_shape": [
        1,
        256,
        14,
        14
      ],
      "batch_size": 1,
      "flops": 115605504,
      "precision": "int8",
      "dla_core": 0,
      "status": "success",
      "latency_ms": 0.22860799729824066,
      "mean_ms": 0.2290303997695446,
      "min_ms": 0.22057600319385529,
      "max_ms": 0.24857600033283234,
      "std_ms": 0.004451352899799537,
      "tflops": 0.5056931750693819,
      "on_dla": true,
      "dla_layer_count": 3,
      "gpu_layer_count": 0,
      "attained_gflops": 505.6931750693819,
      "peak_gflops": 5324.8,
      "efficiency": 0.09496942139974869
    },
    {
      "layer_type": "conv2d",
      "config": "Conv2d(64,256,k1,s1)",
      "params": {
        "in_channels": 64,
        "out_channels": 256,
        "kernel_size": 1,
        "stride": 1,
        "padding": 0,
        "input_hw": 56
      },
      "input_shape": [
        1,
        64,
        56,
        56
      ],
      "batch_size": 1,
      "flops": 102760448,
      "precision": "int8",
      "dla_core": 0,
      "status": "success",
      "latency_ms": 0.32556799054145813,
      "mean_ms": 0.3260611188411713,
      "min_ms": 0.26764801144599915,
      "max_ms": 0.35516801476478577,
      "std_ms": 0.008827190427590656,
      "tflops": 0.315634371269415,
      "on_dla": true,
      "dla_layer_count": 3,
      "gpu_layer_count": 0,
      "attained_gflops": 315.63437126941506,
      "peak_gflops": 5324.8,
      "efficiency": 0.05927628667169003
    },
    {
      "layer_type": "conv2d",
      "config": "Conv2d(256,64,k1,s1)",
      "params": {
        "in_channels": 256,
        "out_channels": 64,
        "kernel_size": 1,
        "stride": 1,
        "padding": 0,
        "input_hw": 56
      },
      "input_shape": [
        1,
        256,
        56,
        56
      ],
      "batch_size": 1,
      "flops": 102760448,
      "precision": "int8",
      "dla_core": 0,
      "status": "success",
      "latency_ms": 0.2972800135612488,
      "mean_ms": 0.29741568088531495,
      "min_ms": 0.2879680097103119,
      "max_ms": 0.3280960023403168,
      "std_ms": 0.005035574719068672,
      "tflops": 0.34566887551230624,
      "on_dla": true,
      "dla_layer_count": 3,
      "gpu_layer_count": 0,
      "attained_gflops": 345.6688755123062,
      "peak_gflops": 5324.8,
      "efficiency": 0.06491678100817048
    },
    {
      "layer_type": "conv2d",
      "config": "Conv2d(512,2048,k1,s1)",
      "params": {
        "in_channels": 512,
        "out_channels": 2048,
        "kernel_size": 1,
        "stride": 1,
        "padding": 0,
        "input_hw": 7
      },
      "input_shape": [
        1,
        512,
        7,
        7
      ],
      "batch_size": 1,
      "flops": 102760448,
      "precision": "int8",
      "dla_core": 0,
      "status": "success",
      "latency_ms": 0.22707200050354004,
      "mean_ms": 0.2652998395264149,
      "min_ms": 0.16169600188732147,
      "max_ms": 1.7914559841156006,
      "std_ms": 0.20440761427535747,
      "tflops": 0.4525456585229581,
      "on_dla": true,
      "dla_layer_count": 3,
      "gpu_layer_count": 0,
      "attained_gflops": 452.54565852295815,
      "peak_gflops": 5324.8,
      "efficiency": 0.08498829224063967
    },
    {
      "layer_type": "conv2d",
      "config": "Conv2d(32,64,k5,s1)",
      "params": {
        "in_channels": 32,
        "out_channels": 64,
        "kernel_size": 5,
        "stride": 1,
        "padding": 2,
        "input_hw": 112
      },
      "input_shape": [
        1,
        32,
        112,
        112
      ],
      "batch_size": 1,
      "flops": 1284505600,
      "precision": "int8",
      "dla_core": 0,
      "status": "success",
      "latency_ms": 0.4145919978618622,
      "mean_ms": 0.5300751975178719,
      "min_ms": 0.36505600810050964,