{
  "hardware_name": "Jetson AGX Orin for DSBOARD-AGX",
  "calibration_date": "2026-01-31T23:45:31.109415+00:00",
  "dla_core": 0,
  "precision": "int8",
  "framework": "tensorrt",
  "tensorrt_version": "8.5.2.2",
  "gpu_fallback": true,
  "python_version": "3.8.10",
  "platform_architecture": "aarch64",
  "total_benchmarks": 21,
  "successful_benchmarks": 21,
  "failed_benchmarks": 0,
  "layer_benchmarks": [
    {
      "layer_type": "conv2d",
      "config": "Conv2d(3,64,k3,s1)",
      "params": {
        "in_channels": 3,
        "out_channels": 64,
        "kernel_size": 3,
        "stride": 1,
        "padding": 1,
        "input_hw": 224
      },
      "input_shape": [
        1,
        3,
        224,
        224
      ],
      "batch_size": 1,
      "flops": 173408256,
      "precision": "int8",
      "dla_core": 0,
      "status": "success",
      "latency_ms": 0.6104959845542908,
      "mean_ms": 0.6115907192230224,
      "min_ms": 0.5976960062980652,
      "max_ms": 0.6373440027236938,
      "std_ms": 0.006147601042731965,
      "tflops": 0.2840448756212564,
      "on_dla": true,
      "dla_layer_count": 3,
      "gpu_layer_count": 0,
      "attained_gflops": 284.0448756212564,
      "peak_gflops": 5324.8,
      "efficiency": 0.053343764201708305
    },
    {
      "layer_type": "conv2d",
      "config": "Conv2d(64,64,k3,s1)",
      "params": {
        "in_channels": 64,
        "out_channels": 64,
        "kernel_size": 3,
        "stride": 1,
        "padding": 1,
        "input_hw": 56
      },
      "input_shape": [
        1,
        64,
        56,
        56
      ],
      "batch_size": 1,
      "flops": 231211008,
      "precision": "int8",
      "dla_core": 0,
      "status": "success",
      "latency_ms": 0.2205439954996109,
      "mean_ms": 0.22190560042858123,
      "min_ms": 0.2112639993429184,
      "max_ms": 0.27401599287986755,
      "std_ms": 0.0075208495680427695,
      "tflops": 1.0483668234822014,
      "on_dla": true,
      "dla_layer_count": 3,
      "gpu_layer_count": 0,
      "attained_gflops": 1048.3668234822014,
      "peak_gflops": 5324.8,
      "efficiency": 0.1968837934724687
    },
    {
      "layer_type": "conv2d",
      "config": "Conv2d(64,128,k3,s2)",
      "params": {
        "in_channels": 64,
        "out_channels": 128,
        "kernel_size": 3,
        "stride": 2,
        "padding": 1,
        "input_hw": 56
      },
      "input_shape": [
        1,
        64,
        56,
        56
      ],
      "batch_size": 1,
      "flops": 115605504,
      "precision": "int8",
      "dla_core": 0,
      "status": "success",
      "latency_ms": 0.21094399690628052,
      "mean_ms": 0.22636671900749206,
      "min_ms": 0.1504639983177185,
      "max_ms": 1.2878400087356567,
      "std_ms": 0.10906626844589008,
      "tflops": 0.5480388429890324,
      "on_dla": true,
      "dla_layer_count": 3,
      "gpu_layer_count": 0,
      "attained_gflops": 548.0388429890324,
      "peak_gflops": 5324.8,
      "efficiency": 0.10292195819355326
    },
    {
      "layer_type": "conv2d",
      "config": "Conv2d(128,256,k3,s2)",
      "params": {
        "in_channels": 128,
        "out_channels": 256,
        "kernel_size": 3,
        "stride": 2,
        "padding": 1,
        "input_hw": 28
      },
      "input_shape": [
        1,
        128,
        28,
        28
      ],
      "batch_size": 1,
      "flops": 115605504,
      "precision": "int8",
      "dla_core": 0,
      "status": "success",
      "latency_ms": 0.1968960016965866,
      "mean_ms": 0.19903839975595475,
      "min_ms": 0.1871040016412735,
      "max_ms": 0.2643519937992096,
      "std_ms": 0.011380275152005934,
      "tflops": 0.5871399266814271,
      "on_dla": true,
      "dla_layer_count": 3,
      "gpu_layer_count": 0,
      "attained_gflops": 587.139926681427,
      "peak_gflops": 5324.8,
      "efficiency": 0.11026516050958289
    },
    {
      "layer_type": "conv2d",
      "config": "Conv2d(256,512,k3,s2)",
      "params": {
        "in_channels": 256,
        "out_channels": 512,
        "kernel_size": 3,
        "stride": 2,
        "padding": 1,
        "input_hw": 14
      },
      "input_shape": [
        1,
        256,
        14,
        14
      ],
      "batch_size": 1,
      "flops": 115605504,
      "precision": "int8",
      "dla_core": 0,
      "status": "success",
      "latency_ms": 0.21862399578094482,
      "mean_ms": 0.21978399962186812,
      "min_ms": 0.20988799631595612,
      "max_ms": 0.30115199089050293,
      "std_ms": 0.011791886897743107,
      "tflops": 0.5287868954505502,
      "on_dla": true,
      "dla_layer_count": 3,
      "gpu_layer_count": 0,
      "attained_gflops": 528.7868954505502,
      "peak_gflops": 5324.8,
      "efficiency": 0.0993064331900823
    },
    {
      "layer_type": "conv2d",
      "config": "Conv2d(64,256,k1,s1)",
      "params": {
        "in_channels": 64,
        "out_channels": 256,
        "kernel_size": 1,
        "stride": 1,
        "padding": 0,
        "input_hw": 56
      },
      "input_shape": [
        1,
        64,
        56,
        56
      ],
      "batch_size": 1,
      "flops": 102760448,
      "precision": "int8",
      "dla_core": 0,
      "status": "success",
      "latency_ms": 0.3263680040836334,
      "mean_ms": 0.32661503940820696,
      "min_ms": 0.3164159953594208,
      "max_ms": 0.34489598870277405,
      "std_ms": 0.005502086403676172,
      "tflops": 0.3148606686753127,
      "on_dla": true,
      "dla_layer_count": 3,
      "gpu_layer_count": 0,
      "attained_gflops": 314.8606686753127,
      "peak_gflops": 5324.8,
      "efficiency": 0.0591309849525452
    },
    {
      "layer_type": "conv2d",
      "config": "Conv2d(256,64,k1,s1)",
      "params": {
        "in_channels": 256,
        "out_channels": 64,
        "kernel_size": 1,
        "stride": 1,
        "padding": 0,
        "input_hw": 56
      },
      "input_shape": [
        1,
        256,
        56,
        56
      ],
      "batch_size": 1,
      "flops": 102760448,
      "precision": "int8",
      "dla_core": 0,
      "status": "success",
      "latency_ms": 0.298880010843277,
      "mean_ms": 0.3048278394341469,
      "min_ms": 0.2905920147895813,
      "max_ms": 0.8210240006446838,
      "std_ms": 0.05238638804272479,
      "tflops": 0.34381840294393007,
      "on_dla": true,
      "dla_layer_count": 3,
      "gpu_layer_count": 0,
      "attained_gflops": 343.8184029439301,
      "peak_gflops": 5324.8,
      "efficiency": 0.06456926137017918
    },
    {
      "layer_type": "conv2d",
      "config": "Conv2d(512,2048,k1,s1)",
      "params": {
        "in_channels": 512,
        "out_channels": 2048,
        "kernel_size": 1,
        "stride": 1,
        "padding": 0,
        "input_hw": 7
      },
      "input_shape": [
        1,
        512,
        7,
        7
      ],
      "batch_size": 1,
      "flops": 102760448,
      "precision": "int8",
      "dla_core": 0,
      "status": "success",
      "latency_ms": 0.22444799542427063,
      "mean_ms": 0.22415711984038353,
      "min_ms": 0.21542400121688843,
      "max_ms": 0.2505919933319092,
      "std_ms": 0.004923521566445484,
      "tflops": 0.45783633667903106,
      "on_dla": true,
      "dla_layer_count": 3,
      "gpu_layer_count": 0,
      "attained_gflops": 457.8363366790311,
      "peak_gflops": 5324.8,
      "efficiency": 0.08598188414194544
    },
    {
      "layer_type": "conv2d",
      "config": "Conv2d(32,64,k5,s1)",
      "params": {
        "in_channels": 32,
        "out_channels": 64,
        "kernel_size": 5,
        "stride": 1,
        "padding": 2,
        "input_hw": 112
      },
      "input_shape": [
        1,
        32,
        112,
        112
      ],
      "batch_size": 1,
      "flops": 1284505600,
      "precision": "int8",
      "dla_core": 0,
      "status": "success",
      "latency_ms": 0.41280001401901245,
      "mean_ms": 0.4376476800441742,
      "min_ms": 0.40511998534202576,