{
  "hardware_name": "Jetson AGX Orin for DSBOARD-AGX",
  "calibration_date": "2026-02-01T14:31:12.208740+00:00",
  "dla_core": 1,
  "precision": "fp16",
  "framework": "tensorrt",
  "tensorrt_version": "8.5.2.2",
  "gpu_fallback": true,
  "python_version": "3.8.10",
  "platform_architecture": "aarch64",
  "total_benchmarks": 21,
  "successful_benchmarks": 21,
  "failed_benchmarks": 0,
  "layer_benchmarks": [
    {
      "layer_type": "conv2d",
      "config": "Conv2d(3,64,k3,s1)",
      "params": {
        "in_channels": 3,
        "out_channels": 64,
        "kernel_size": 3,
        "stride": 1,
        "padding": 1,
        "input_hw": 224
      },
      "input_shape": [
        1,
        3,
        224,
        224
      ],
      "batch_size": 1,
      "flops": 173408256,
      "precision": "fp16",
      "dla_core": 1,
      "status": "success",
      "latency_ms": 2.271807909011841,
      "mean_ms": 2.27353152513504,
      "min_ms": 2.2355198860168457,
      "max_ms": 2.3419198989868164,
      "std_ms": 0.011561581909578313,
      "tflops": 0.07633050986050431,
      "on_dla": true,
      "dla_layer_count": 3,
      "gpu_layer_count": 0,
      "attained_gflops": 76.33050986050432,
      "peak_gflops": 2662.4,
      "efficiency": 0.02866981289832644
    },
    {
      "layer_type": "conv2d",
      "config": "Conv2d(64,64,k3,s1)",
      "params": {
        "in_channels": 64,
        "out_channels": 64,
        "kernel_size": 3,
        "stride": 1,
        "padding": 1,
        "input_hw": 56
      },
      "input_shape": [
        1,
        64,
        56,
        56
      ],
      "batch_size": 1,
      "flops": 231211008,
      "precision": "fp16",
      "dla_core": 1,
      "status": "success",
      "latency_ms": 0.45443201065063477,
      "mean_ms": 0.4550739192962647,
      "min_ms": 0.44703999161720276,
      "max_ms": 0.48099198937416077,
      "std_ms": 0.005132502402204432,
      "tflops": 0.5087911999618222,
      "on_dla": true,
      "dla_layer_count": 3,
      "gpu_layer_count": 0,
      "attained_gflops": 508.79119996182214,
      "peak_gflops": 2662.4,
      "efficiency": 0.19110246392796804
    },
    {
      "layer_type": "conv2d",
      "config": "Conv2d(64,128,k3,s2)",
      "params": {
        "in_channels": 64,
        "out_channels": 128,
        "kernel_size": 3,
        "stride": 2,
        "padding": 1,
        "input_hw": 56
      },
      "input_shape": [
        1,
        64,
        56,
        56
      ],
      "batch_size": 1,
      "flops": 115605504,
      "precision": "fp16",
      "dla_core": 1,
      "status": "success",
      "latency_ms": 0.44281598925590515,
      "mean_ms": 0.44378463983535765,
      "min_ms": 0.43587198853492737,
      "max_ms": 0.5170239806175232,
      "std_ms": 0.008714711556112581,
      "tflops": 0.26106894693269783,
      "on_dla": true,
      "dla_layer_count": 3,
      "gpu_layer_count": 0,
      "attained_gflops": 261.0689469326978,
      "peak_gflops": 2662.4,
      "efficiency": 0.0980577474957549
    },
    {
      "layer_type": "conv2d",
      "config": "Conv2d(128,256,k3,s2)",
      "params": {
        "in_channels": 128,
        "out_channels": 256,
        "kernel_size": 3,
        "stride": 2,
        "padding": 1,
        "input_hw": 28
      },
      "input_shape": [
        1,
        128,
        28,
        28
      ],
      "batch_size": 1,
      "flops": 115605504,
      "precision": "fp16",
      "dla_core": 1,
      "status": "success",
      "latency_ms": 0.4154239892959595,
      "mean_ms": 0.41560511887073515,
      "min_ms": 0.36447998881340027,
      "max_ms": 0.43462398648262024,
      "std_ms": 0.006686814351503459,
      "tflops": 0.2782831684706572,
      "on_dla": true,
      "dla_layer_count": 3,
      "gpu_layer_count": 0,
      "attained_gflops": 278.28316847065724,
      "peak_gflops": 2662.4,
      "efficiency": 0.10452342565754855
    },
    {
      "layer_type": "conv2d",
      "config": "Conv2d(256,512,k3,s2)",
      "params": {
        "in_channels": 256,
        "out_channels": 512,
        "kernel_size": 3,
        "stride": 2,
        "padding": 1,
        "input_hw": 14
      },
      "input_shape": [
        1,
        256,
        14,
        14
      ],
      "batch_size": 1,
      "flops": 115605504,
      "precision": "fp16",
      "dla_core": 1,
      "status": "success",
      "latency_ms": 0.6686720252037048,
      "mean_ms": 0.6681622415781021,
      "min_ms": 0.612671971321106,
      "max_ms": 0.6870399713516235,
      "std_ms": 0.0072075208040882355,
      "tflops": 0.1728882017529922,
      "on_dla": true,
      "dla_layer_count": 3,
      "gpu_layer_count": 0,
      "attained_gflops": 172.8882017529922,
      "peak_gflops": 2662.4,
      "efficiency": 0.0649369748170794
    },
    {
      "layer_type": "conv2d",
      "config": "Conv2d(64,256,k1,s1)",
      "params": {
        "in_channels": 64,
        "out_channels": 256,
        "kernel_size": 1,
        "stride": 1,
        "padding": 0,
        "input_hw": 56
      },
      "input_shape": [
        1,
        64,
        56,
        56
      ],
      "batch_size": 1,
      "flops": 102760448,
      "precision": "fp16",
      "dla_core": 1,
      "status": "success",
      "latency_ms": 0.458079993724823,
      "mean_ms": 0.45887551993131637,
      "min_ms": 0.4495680034160614,
      "max_ms": 0.485152006149292,
      "std_ms": 0.005502548424730565,
      "tflops": 0.224328609430016,
      "on_dla": true,
      "dla_layer_count": 3,
      "gpu_layer_count": 0,
      "attained_gflops": 224.32860943001603,
      "peak_gflops": 2662.4,
      "efficiency": 0.08425804140250001
    },
    {
      "layer_type": "conv2d",
      "config": "Conv2d(256,64,k1,s1)",
      "params": {
        "in_channels": 256,
        "out_channels": 64,
        "kernel_size": 1,
        "stride": 1,
        "padding": 0,
        "input_hw": 56
      },
      "input_shape": [
        1,
        256,
        56,
        56
      ],
      "batch_size": 1,
      "flops": 102760448,
      "precision": "fp16",
      "dla_core": 1,
      "status": "success",
      "latency_ms": 0.4471679925918579,
      "mean_ms": 0.4524096009135246,
      "min_ms": 0.4382399916648865,
      "max_ms": 0.9639040231704712,
      "std_ms": 0.05152882425986375,
      "tflops": 0.2298027803921829,
      "on_dla": true,
      "dla_layer_count": 3,
      "gpu_layer_count": 0,
      "attained_gflops": 229.80278039218288,
      "peak_gflops": 2662.4,
      "efficiency": 0.08631414527951581
    },
    {
      "layer_type": "conv2d",
      "config": "Conv2d(512,2048,k1,s1)",
      "params": {
        "in_channels": 512,
        "out_channels": 2048,
        "kernel_size": 1,
        "stride": 1,
        "padding": 0,
        "input_hw": 7
      },
      "input_shape": [
        1,
        512,
        7,
        7
      ],
      "batch_size": 1,
      "flops": 102760448,
      "precision": "fp16",
      "dla_core": 1,
      "status": "success",
      "latency_ms": 0.638047993183136,
      "mean_ms": 0.6384790390729904,
      "min_ms": 0.6310719847679138,
      "max_ms": 0.6555839776992798,
      "std_ms": 0.00409598798818365,
      "tflops": 0.16105441768939963,
      "on_dla": true,
      "dla_layer_count": 3,
      "gpu_layer_count": 0,
      "attained_gflops": 161.05441768939966,
      "peak_gflops": 2662.4,
      "efficiency": 0.06049219414415552
    },
    {
      "layer_type": "conv2d",
      "config": "Conv2d(32,64,k5,s1)",
      "params": {
        "in_channels": 32,
        "out_channels": 64,
        "kernel_size": 5,
        "stride": 1,
        "padding": 2,
        "input_hw": 112
      },
      "input_shape": [
        1,
        32,
        112,
        112
      ],
      "batch_size": 1,
      "flops": 1284505600,
      "precision": "fp16",
      "dla_core": 1,
      "status": "success",
      "latency_ms": 2.0662078857421875,
      "mean_ms": 2.0695769667625425,
      "min_ms": 2.0426878929138184,