{
  "hardware_name": "Jetson AGX Orin for DSBOARD-AGX",
  "calibration_date": "2026-02-01T14:35:56.098944+00:00",
  "dla_core": 1,
  "precision": "int8",
  "framework": "tensorrt",
  "tensorrt_version": "8.5.2.2",
  "gpu_fallback": true,
  "python_version": "3.8.10",
  "platform_architecture": "aarch64",
  "total_benchmarks": 21,
  "successful_benchmarks": 21,
  "failed_benchmarks": 0,
  "layer_benchmarks": [
    {
      "layer_type": "conv2d",
      "config": "Conv2d(3,64,k3,s1)",
      "params": {
        "in_channels": 3,
        "out_channels": 64,
        "kernel_size": 3,
        "stride": 1,
        "padding": 1,
        "input_hw": 224
      },
      "input_shape": [
        1,
        3,
        224,
        224
      ],
      "batch_size": 1,
      "flops": 173408256,
      "precision": "int8",
      "dla_core": 1,
      "status": "success",
      "latency_ms": 0.5040000081062317,
      "mean_ms": 0.5050118401646614,
      "min_ms": 0.49398401379585266,
      "max_ms": 0.5325440168380737,
      "std_ms": 0.00530357626156915,
      "tflops": 0.34406399446614594,
      "on_dla": true,
      "dla_layer_count": 3,
      "gpu_layer_count": 0,
      "attained_gflops": 344.06399446614586,
      "peak_gflops": 5324.8,
      "efficiency": 0.06461538357612415
    },
    {
      "layer_type": "conv2d",
      "config": "Conv2d(64,64,k3,s1)",
      "params": {
        "in_channels": 64,
        "out_channels": 64,
        "kernel_size": 3,
        "stride": 1,
        "padding": 1,
        "input_hw": 56
      },
      "input_shape": [
        1,
        64,
        56,
        56
      ],
      "batch_size": 1,
      "flops": 231211008,
      "precision": "int8",
      "dla_core": 1,
      "status": "success",
      "latency_ms": 0.18995200097560883,
      "mean_ms": 0.19214559972286224,
      "min_ms": 0.18508799374103546,
      "max_ms": 0.2592639923095703,
      "std_ms": 0.007863761406748607,
      "tflops": 1.2172075409181349,
      "on_dla": true,
      "dla_layer_count": 3,
      "gpu_layer_count": 0,
      "attained_gflops": 1217.207540918135,
      "peak_gflops": 5324.8,
      "efficiency": 0.22859216138035887
    },
    {
      "layer_type": "conv2d",
      "config": "Conv2d(64,128,k3,s2)",
      "params": {
        "in_channels": 64,
        "out_channels": 128,
        "kernel_size": 3,
        "stride": 2,
        "padding": 1,
        "input_hw": 56
      },
      "input_shape": [
        1,
        64,
        56,
        56
      ],
      "batch_size": 1,
      "flops": 115605504,
      "precision": "int8",
      "dla_core": 1,
      "status": "success",
      "latency_ms": 0.1743360012769699,
      "mean_ms": 0.17482335969805718,
      "min_ms": 0.16841599345207214,
      "max_ms": 0.18646399676799774,
      "std_ms": 0.0034629286160516365,
      "tflops": 0.6631189378740884,
      "on_dla": true,
      "dla_layer_count": 3,
      "gpu_layer_count": 0,
      "attained_gflops": 663.1189378740884,
      "peak_gflops": 5324.8,
      "efficiency": 0.12453405533993546
    },
    {
      "layer_type": "conv2d",
      "config": "Conv2d(128,256,k3,s2)",
      "params": {
        "in_channels": 128,
        "out_channels": 256,
        "kernel_size": 3,
        "stride": 2,
        "padding": 1,
        "input_hw": 28
      },
      "input_shape": [
        1,
        128,
        28,
        28
      ],
      "batch_size": 1,
      "flops": 115605504,
      "precision": "int8",
      "dla_core": 1,
      "status": "success",
      "latency_ms": 0.17209599912166595,
      "mean_ms": 0.1729721599817276,
      "min_ms": 0.1650560051202774,
      "max_ms": 0.24432000517845154,
      "std_ms": 0.007853750791626682,
      "tflops": 0.6717500963998058,
      "on_dla": true,
      "dla_layer_count": 3,
      "gpu_layer_count": 0,
      "attained_gflops": 671.7500963998058,
      "peak_gflops": 5324.8,
      "efficiency": 0.12615499106066064
    },
    {
      "layer_type": "conv2d",
      "config": "Conv2d(256,512,k3,s2)",
      "params": {
        "in_channels": 256,
        "out_channels": 512,
        "kernel_size": 3,
        "stride": 2,
        "padding": 1,
        "input_hw": 14
      },
      "input_shape": [
        1,
        256,
        14,
        14
      ],
      "batch_size": 1,
      "flops": 115605504,
      "precision": "int8",
      "dla_core": 1,
      "status": "success",
      "latency_ms": 0.19711999595165253,
      "mean_ms": 0.19736991986632346,
      "min_ms": 0.1871040016412735,
      "max_ms": 0.22377599775791168,
      "std_ms": 0.004375304332824668,
      "tflops": 0.5864727393173977,
      "on_dla": true,
      "dla_layer_count": 3,
      "gpu_layer_count": 0,
      "attained_gflops": 586.4727393173977,
      "peak_gflops": 5324.8,
      "efficiency": 0.11013986240185503
    },
    {
      "layer_type": "conv2d",
      "config": "Conv2d(64,256,k1,s1)",
      "params": {
        "in_channels": 64,
        "out_channels": 256,
        "kernel_size": 1,
        "stride": 1,
        "padding": 0,
        "input_hw": 56
      },
      "input_shape": [
        1,
        64,
        56,
        56
      ],
      "batch_size": 1,
      "flops": 102760448,
      "precision": "int8",
      "dla_core": 1,
      "status": "success",
      "latency_ms": 0.2996479868888855,
      "mean_ms": 0.36900768041610715,
      "min_ms": 0.29020801186561584,
      "max_ms": 1.2097599506378174,
      "std_ms": 0.2275861384746481,
      "tflops": 0.3429372213273213,
      "on_dla": true,
      "dla_layer_count": 3,
      "gpu_layer_count": 0,
      "attained_gflops": 342.9372213273213,
      "peak_gflops": 5324.8,
      "efficiency": 0.06440377503893505
    },
    {
      "layer_type": "conv2d",
      "config": "Conv2d(256,64,k1,s1)",
      "params": {
        "in_channels": 256,
        "out_channels": 64,
        "kernel_size": 1,
        "stride": 1,
        "padding": 0,
        "input_hw": 56
      },
      "input_shape": [
        1,
        256,
        56,
        56
      ],
      "batch_size": 1,
      "flops": 102760448,
      "precision": "int8",
      "dla_core": 1,
      "status": "success",
      "latency_ms": 0.27504000067710876,
      "mean_ms": 0.2750537601113319,
      "min_ms": 0.27084800601005554,
      "max_ms": 0.28275200724601746,
      "std_ms": 0.0025387280111326383,
      "tflops": 0.3736200107148728,
      "on_dla": true,
      "dla_layer_count": 3,
      "gpu_layer_count": 0,
      "attained_gflops": 373.6200107148728,
      "peak_gflops": 5324.8,
      "efficiency": 0.07016601763725827
    },
    {
      "layer_type": "conv2d",
      "config": "Conv2d(512,2048,k1,s1)",
      "params": {
        "in_channels": 512,
        "out_channels": 2048,
        "kernel_size": 1,
        "stride": 1,
        "padding": 0,
        "input_hw": 7
      },
      "input_shape": [
        1,
        512,
        7,
        7
      ],
      "batch_size": 1,
      "flops": 102760448,
      "precision": "int8",
      "dla_core": 1,
      "status": "success",
      "latency_ms": 0.20448000729084015,
      "mean_ms": 0.20507295981049536,
      "min_ms": 0.1982399970293045,
      "max_ms": 0.22678400576114655,
      "std_ms": 0.004209297168850829,
      "tflops": 0.5025452089985486,
      "on_dla": true,
      "dla_layer_count": 3,
      "gpu_layer_count": 0,
      "attained_gflops": 502.54520899854856,
      "peak_gflops": 5324.8,
      "efficiency": 0.09437823185820098
    },
    {
      "layer_type": "conv2d",
      "config": "Conv2d(32,64,k5,s1)",
      "params": {
        "in_channels": 32,
        "out_channels": 64,
        "kernel_size": 5,
        "stride": 1,
        "padding": 2,
        "input_hw": 112
      },
      "input_shape": [
        1,
        32,
        112,
        112
      ],
      "batch_size": 1,
      "flops": 1284505600,
      "precision": "int8",
      "dla_core": 1,
      "status": "success",
      "latency_ms": 0.3781439960002899,
      "mean_ms": 0.37946560233831406,
      "min_ms": 0.3452799916267395,