{
  "hardware_name": "Jetson AGX Orin for DSBOARD-AGX",
  "calibration_date": "2026-01-31T23:56:09.189902+00:00",
  "dla_core": 1,
  "precision": "int8",
  "framework": "tensorrt",
  "tensorrt_version": "8.5.2.2",
  "gpu_fallback": true,
  "python_version": "3.8.10",
  "platform_architecture": "aarch64",
  "total_benchmarks": 21,
  "successful_benchmarks": 21,
  "failed_benchmarks": 0,
  "layer_benchmarks": [
    {
      "layer_type": "conv2d",
      "config": "Conv2d(3,64,k3,s1)",
      "params": {
        "in_channels": 3,
        "out_channels": 64,
        "kernel_size": 3,
        "stride": 1,
        "padding": 1,
        "input_hw": 224
      },
      "input_shape": [
        1,
        3,
        224,
        224
      ],
      "batch_size": 1,
      "flops": 173408256,
      "precision": "int8",
      "dla_core": 1,
      "status": "success",
      "latency_ms": 0.6176000237464905,
      "mean_ms": 0.6179875195026397,
      "min_ms": 0.6060479879379272,
      "max_ms": 0.648576021194458,
      "std_ms": 0.005864835119441053,
      "tflops": 0.28077760578451627,
      "on_dla": true,
      "dla_layer_count": 3,
      "gpu_layer_count": 0,
      "attained_gflops": 280.7776057845163,
      "peak_gflops": 5324.8,
      "efficiency": 0.05273016935556571
    },
    {
      "layer_type": "conv2d",
      "config": "Conv2d(64,64,k3,s1)",
      "params": {
        "in_channels": 64,
        "out_channels": 64,
        "kernel_size": 3,
        "stride": 1,
        "padding": 1,
        "input_hw": 56
      },
      "input_shape": [
        1,
        64,
        56,
        56
      ],
      "batch_size": 1,
      "flops": 231211008,
      "precision": "int8",
      "dla_core": 1,
      "status": "success",
      "latency_ms": 0.21718400716781616,
      "mean_ms": 0.21835263982415198,
      "min_ms": 0.20828799903392792,
      "max_ms": 0.24400000274181366,
      "std_ms": 0.005447136543768522,
      "tflops": 1.0645857907085456,
      "on_dla": true,
      "dla_layer_count": 3,
      "gpu_layer_count": 0,
      "attained_gflops": 1064.5857907085456,
      "peak_gflops": 5324.8,
      "efficiency": 0.19992972331515654
    },
    {
      "layer_type": "conv2d",
      "config": "Conv2d(64,128,k3,s2)",
      "params": {
        "in_channels": 64,
        "out_channels": 128,
        "kernel_size": 3,
        "stride": 2,
        "padding": 1,
        "input_hw": 56
      },
      "input_shape": [
        1,
        64,
        56,
        56
      ],
      "batch_size": 1,
      "flops": 115605504,
      "precision": "int8",
      "dla_core": 1,
      "status": "success",
      "latency_ms": 0.21209600567817688,
      "mean_ms": 0.2552351988852024,
      "min_ms": 0.1526080071926117,
      "max_ms": 4.040319919586182,
      "std_ms": 0.38095858730326904,
      "tflops": 0.5450621459388236,
      "on_dla": true,
      "dla_layer_count": 3,
      "gpu_layer_count": 0,
      "attained_gflops": 545.0621459388235,
      "peak_gflops": 5324.8,
      "efficiency": 0.10236293305641968
    },
    {
      "layer_type": "conv2d",
      "config": "Conv2d(128,256,k3,s2)",
      "params": {
        "in_channels": 128,
        "out_channels": 256,
        "kernel_size": 3,
        "stride": 2,
        "padding": 1,
        "input_hw": 28
      },
      "input_shape": [
        1,
        128,
        28,
        28
      ],
      "batch_size": 1,
      "flops": 115605504,
      "precision": "int8",
      "dla_core": 1,
      "status": "success",
      "latency_ms": 0.20572799444198608,
      "mean_ms": 0.21050464019179344,
      "min_ms": 0.19359999895095825,
      "max_ms": 0.3139840066432953,
      "std_ms": 0.02085567735506696,
      "tflops": 0.5619337529321998,
      "on_dla": true,
      "dla_layer_count": 3,
      "gpu_layer_count": 0,
      "attained_gflops": 561.9337529321998,
      "peak_gflops": 5324.8,
      "efficiency": 0.10553142896112526
    },
    {
      "layer_type": "conv2d",
      "config": "Conv2d(256,512,k3,s2)",
      "params": {
        "in_channels": 256,
        "out_channels": 512,
        "kernel_size": 3,
        "stride": 2,
        "padding": 1,
        "input_hw": 14
      },
      "input_shape": [
        1,
        256,
        14,
        14
      ],
      "batch_size": 1,
      "flops": 115605504,
      "precision": "int8",
      "dla_core": 1,
      "status": "success",
      "latency_ms": 0.21855999529361725,
      "mean_ms": 0.21996704027056693,
      "min_ms": 0.20812800526618958,
      "max_ms": 0.2974399924278259,
      "std_ms": 0.01049818473963522,
      "tflops": 0.5289417390620529,
      "on_dla": true,
      "dla_layer_count": 3,
      "gpu_layer_count": 0,
      "attained_gflops": 528.9417390620529,
      "peak_gflops": 5324.8,
      "efficiency": 0.09933551289476654
    },
    {
      "layer_type": "conv2d",
      "config": "Conv2d(64,256,k1,s1)",
      "params": {
        "in_channels": 64,
        "out_channels": 256,
        "kernel_size": 1,
        "stride": 1,
        "padding": 0,
        "input_hw": 56
      },
      "input_shape": [
        1,
        64,
        56,
        56
      ],
      "batch_size": 1,
      "flops": 102760448,
      "precision": "int8",
      "dla_core": 1,
      "status": "success",
      "latency_ms": 0.32713600993156433,
      "mean_ms": 0.327947518825531,
      "min_ms": 0.3178879916667938,
      "max_ms": 0.3494400084018707,
      "std_ms": 0.005828556615514682,
      "tflops": 0.31412148121968325,
      "on_dla": true,
      "dla_layer_count": 3,
      "gpu_layer_count": 0,
      "attained_gflops": 314.1214812196833,
      "peak_gflops": 5324.8,
      "efficiency": 0.058992165192999414
    },
    {
      "layer_type": "conv2d",
      "config": "Conv2d(256,64,k1,s1)",
      "params": {
        "in_channels": 256,
        "out_channels": 64,
        "kernel_size": 1,
        "stride": 1,
        "padding": 0,
        "input_hw": 56
      },
      "input_shape": [
        1,
        256,
        56,
        56
      ],
      "batch_size": 1,
      "flops": 102760448,
      "precision": "int8",
      "dla_core": 1,
      "status": "success",
      "latency_ms": 0.2921600043773651,
      "mean_ms": 0.29250368028879165,
      "min_ms": 0.28070399165153503,
      "max_ms": 0.3158079981803894,
      "std_ms": 0.004811743984916748,
      "tflops": 0.35172661028328384,
      "on_dla": true,
      "dla_layer_count": 3,
      "gpu_layer_count": 0,
      "attained_gflops": 351.72661028328383,
      "peak_gflops": 5324.8,
      "efficiency": 0.06605442651053257
    },
    {
      "layer_type": "conv2d",
      "config": "Conv2d(512,2048,k1,s1)",
      "params": {
        "in_channels": 512,
        "out_channels": 2048,
        "kernel_size": 1,
        "stride": 1,
        "padding": 0,
        "input_hw": 7
      },
      "input_shape": [
        1,
        512,
        7,
        7
      ],
      "batch_size": 1,
      "flops": 102760448,
      "precision": "int8",
      "dla_core": 1,
      "status": "success",
      "latency_ms": 0.22355200350284576,
      "mean_ms": 0.22409728094935416,
      "min_ms": 0.21670399606227875,
      "max_ms": 0.24140800535678864,
      "std_ms": 0.004476714413141067,
      "tflops": 0.45967133548276107,
      "on_dla": true,
      "dla_layer_count": 3,
      "gpu_layer_count": 0,
      "attained_gflops": 459.6713354827611,
      "peak_gflops": 5324.8,
      "efficiency": 0.0863264977994969
    },
    {
      "layer_type": "conv2d",
      "config": "Conv2d(32,64,k5,s1)",
      "params": {
        "in_channels": 32,
        "out_channels": 64,
        "kernel_size": 5,
        "stride": 1,
        "padding": 2,
        "input_hw": 112
      },
      "input_shape": [
        1,
        32,
        112,
        112
      ],
      "batch_size": 1,
      "flops": 1284505600,
      "precision": "int8",
      "dla_core": 1,
      "status": "success",
      "latency_ms": 0.4126720130443573,
      "mean_ms": 0.412245120704174,
      "min_ms": 0.40188801288604736,