{
  "schema_version": "1.0",
  "measurement_type": "efficiency",
  "model": "vgg11",
  "hardware_id": "Jetson-Orin-AGX",
  "device": "cuda",
  "precision": "FP32",
  "thermal_profile": "30W",
  "theoretical_peak_flops": 2662400000000.0,
  "measurement_date": "2026-02-05T01:41:52.286623",
  "tool_version": "measure_efficiency.py v1.0",
  "subgraphs": [
    {
      "subgraph_id": 0,
      "fusion_pattern": "Conv2d_ReLU",
      "operation_type": "conv2d",
      "flops": 173408256,
      "total_bytes": 13454336,
      "arithmetic_intensity": 12.88865210442195,
      "theoretical_peak_flops": 2662400000000.0,
      "measured_latency": {
        "mean": 1.5050815916061402,
        "std": 0.09976920876672818,
        "min": 1.460608035326004,
        "max": 1.8092159926891327,
        "ci_lower": 1.477426977849693,
        "ci_upper": 1.5327362053625875,
        "samples": 50
      },
      "achieved_flops": 115639410534.29596,
      "efficiency": {
        "mean": 0.04343427378842246,
        "std": 0.002453007362693244,
        "min": 0.036000294025423756,
        "max": 0.04459259850488932,
        "ci_lower": 0.04275433483736178,
        "ci_upper": 0.04411421273948314,
        "samples": 50
      },
      "node_names": [
        "features_0",
        "features_1"
      ],
      "source_model": "vgg11"
    },
    {
      "subgraph_id": 1,
      "fusion_pattern": "Unfused",
      "operation_type": "unfused",
      "flops": 0,
      "total_bytes": 16056320,
      "arithmetic_intensity": 0.0,
      "theoretical_peak_flops": 2662400000000.0,
      "measured_latency": {
        "mean": 0.5835616040229797,
        "std": 0.0037682161984179045,
        "min": 0.5786880254745483,
        "max": 0.5961599946022034,
        "ci_lower": 0.5825171077820435,
        "ci_upper": 0.584606100263916,
        "samples": 50
      },
      "achieved_flops": 0,
      "efficiency": {
        "mean": 0,
        "std": 0,
        "min": 0,
        "max": 0,
        "ci_lower": 0,
        "ci_upper": 0,
        "samples": 0
      },
      "node_names": [
        "features_2"
      ],
      "source_model": "vgg11"
    },
    {
      "subgraph_id": 2,
      "fusion_pattern": "Conv2d_ReLU",
      "operation_type": "conv2d",
      "flops": 1849688064,
      "total_bytes": 9929216,
      "arithmetic_intensity": 186.28742329706594,
      "theoretical_peak_flops": 2662400000000.0,
      "measured_latency": {
        "mean": 1.4549132815003396,
        "std": 0.0965673386233315,
        "min": 1.3314879685640335,
        "max": 1.8181439638137817,
        "ci_lower": 1.428146180867515,
        "ci_upper": 1.481680382133164,
        "samples": 50
      },
      "achieved_flops": 1275971443289.417,
      "efficiency": {
        "mean": 0.47925610099512356,
        "std": 0.026789702587182943,
        "min": 0.38211749411047885,
        "max": 0.5217806182160811,
        "ci_lower": 0.47183037429189933,
        "ci_upper": 0.4866818276983478,
        "samples": 50
      },
      "node_names": [
        "features_3",
        "features_4"
      ],
      "source_model": "vgg11"
    },
    {
      "subgraph_id": 3,
      "fusion_pattern": "Unfused",
      "operation_type": "unfused",
      "flops": 0,
      "total_bytes": 8028160,
      "arithmetic_intensity": 0.0,
      "theoretical_peak_flops": 2662400000000.0,
      "measured_latency": {
        "mean": 0.3369286412000656,
        "std": 0.03264280493492814,
        "min": 0.328031986951828,
        "max": 0.5613120198249817,
        "ci_lower": 0.3278805172993021,
        "ci_upper": 0.3459767651008291,
        "samples": 50
      },
      "achieved_flops": 0,
      "efficiency": {
        "mean": 0,
        "std": 0,
        "min": 0,
        "max": 0,
        "ci_lower": 0,
        "ci_upper": 0,
        "samples": 0
      },
      "node_names": [
        "features_5"
      ],
      "source_model": "vgg11"
    },
    {
      "subgraph_id": 4,
      "fusion_pattern": "Conv2d_ReLU",
      "operation_type": "conv2d",
      "flops": 1849688064,
      "total_bytes": 5997568,
      "arithmetic_intensity": 308.40635137442376,
      "theoretical_peak_flops": 2662400000000.0,
      "measured_latency": {
        "mean": 1.065152640491724,
        "std": 0.1912321762084537,
        "min": 0.9598080031573772,
        "max": 2.0340160131454468,
        "ci_lower": 1.0121457856091252,
        "ci_upper": 1.1181594953743228,
        "samples": 50
      },
      "achieved_flops": 1767920340853.7927,
      "efficiency": {
        "mean": 0.6640325799480892,
        "std": 0.06748123907543592,
        "min": 0.34156300191080957,
        "max": 0.7238370727262001,
        "ci_lower": 0.6453277347808695,
        "ci_upper": 0.6827374251153089,
        "samples": 50
      },
      "node_names": [
        "features_6",
        "features_7"
      ],
      "source_model": "vgg11"
    },
    {
      "subgraph_id": 5,
      "fusion_pattern": "Conv2d_ReLU",
      "operation_type": "conv2d",
      "flops": 3699376128,
      "total_bytes": 8782848,
      "arithmetic_intensity": 421.20461699895066,
      "theoretical_peak_flops": 2662400000000.0,
      "measured_latency": {
        "mean": 1.5791846418380737,
        "std": 0.06703077428037416,
        "min": 1.5558719635009766,
        "max": 1.9005759805440903,
        "ci_lower": 1.5606046591416736,
        "ci_upper": 1.5977646245344739,
        "samples": 50
      },
      "achieved_flops": 2346091432311.194,
      "efficiency": {
        "mean": 0.8811941978332309,
        "std": 0.03167164627132844,
        "min": 0.7310884936951864,
        "max": 0.8930614236679499,
        "ci_lower": 0.8724152653801102,
        "ci_upper": 0.8899731302863517,
        "samples": 50
      },
      "node_names": [
        "features_8",
        "features_9"
      ],
      "source_model": "vgg11"
    },
    {
      "subgraph_id": 6,
      "fusion_pattern": "Unfused",
      "operation_type": "unfused",
      "flops": 0,
      "total_bytes": 4014080,
      "arithmetic_intensity": 0.0,
      "theoretical_peak_flops": 2662400000000.0,
      "measured_latency": {
        "mean": 0.21055487990379335,
        "std": 0.006215546704543904,
        "min": 0.20457600057125092,
        "max": 0.24048000574111938,
        "ci_lower": 0.208832018256156,
        "ci_upper": 0.2122777415514307,
        "samples": 50
      },
      "achieved_flops": 0,
      "efficiency": {
        "mean": 0,
        "std": 0,
        "min": 0,
        "max": 0,
        "ci_lower": 0,
        "ci_upper": 0,
        "samples": 0
      },
      "node_names": [
        "features_10"
      ],
      "source_model": "vgg11"
    },
    {
      "subgraph_id": 7,
      "fusion_pattern": "Conv2d_ReLU",
      "operation_type": "conv2d",
      "flops": 1849688064,
      "total_bytes": 7129088,
      "arithmetic_intensity": 259.45647802355643,
      "theoretical_peak_flops": 2662400000000.0,
      "measured_latency": {
        "mean": 1.3334457564353943,
        "std": 0.10683291036290943,
        "min": 1.2994239926338196,
        "max": 2.0324160158634186,
        "ci_lower": 1.3038331844897633,
        "ci_upper": 1.3630583283810254,
        "samples": 50
      },
      "achieved_flops": 1393166239204.9075,
      "efficiency": {
        "mean": 0.5232745790282856,
        "std": 0.028947785617026774,
        "min": 0.34183189364873773,
        "max": 0.5346558316015302,
        "ci_lower": 0.5152506622283131,
        "ci_upper": 0.531298495828258,
        "samples": 50
      },
      "node_names": [
        "features_11",
        "features_12"
      ],
      "source_model": "vgg11"
    },
    {
      "subgraph_id": 8,
      "fusion_pattern": "Conv2d_ReLU",
      "operation_type": "conv2d",
      "flops": 3699376128,
      "total_bytes": 12650496,
      "arithmetic_intensity": 292.4293346284604,
      "theoretical_peak_flops": 2662400000000.0,
      "measured_latency": {
        "mean": 2.33915840305388,
        "std": 0.11487895023940368,