{
  "schema_version": "2.0",
  "measurement_type": "efficiency",
  "model": "vgg11",
  "hardware_id": "jetson_orin_agx_15w",
  "device": "cuda",
  "precision": "FP16",
  "thermal_profile": "15W",
  "theoretical_peak_flops": 2662400000000.0,
  "measurement_date": "2026-02-06T02:25:05.494316",
  "tool_version": "measure_efficiency.py v2.0 (migrated)",
  "batch_size": 1,
  "subgraphs": [
    {
      "subgraph_id": 0,
      "fusion_pattern": "Conv2d_ReLU",
      "operation_type": "conv2d",
      "flops": 173408256,
      "total_bytes": 13450752,
      "arithmetic_intensity": 12.892086330935252,
      "theoretical_peak_flops": 2662400000000.0,
      "measured_latency": {
        "mean": 3.018039019107819,
        "std": 0.11376461901525702,
        "min": 2.656895935535431,
        "max": 3.4987838864326477,
        "ci_lower": 2.9865050755504203,
        "ci_upper": 3.0495729626652173,
        "samples": 50
      },
      "achieved_flops": 57539686646.152626,
      "efficiency": {
        "mean": 0.021611961630916703,
        "std": 0.0008441077167764106,
        "min": 0.018615698998978882,
        "max": 0.02451443687393872,
        "ci_lower": 0.021377986909007583,
        "ci_upper": 0.021845936352825824,
        "samples": 50
      },
      "node_names": [
        "features_0",
        "features_1"
      ],
      "source_model": "vgg11"
    },
    {
      "subgraph_id": 1,
      "fusion_pattern": "Unfused",
      "operation_type": "unfused",
      "flops": 0,
      "total_bytes": 16056320,
      "arithmetic_intensity": 0.0,
      "theoretical_peak_flops": 2662400000000.0,
      "measured_latency": {
        "mean": 1.1496204781532287,
        "std": 0.14877385440095253,
        "min": 1.083456039428711,
        "max": 1.5242880582809448,
        "ci_lower": 1.1083824696396405,
        "ci_upper": 1.1908584866668168,
        "samples": 50
      },
      "achieved_flops": 0,
      "efficiency": {
        "mean": 0,
        "std": 0,
        "min": 0,
        "max": 0,
        "ci_lower": 0,
        "ci_upper": 0,
        "samples": 0
      },
      "node_names": [
        "features_2"
      ],
      "source_model": "vgg11"
    },
    {
      "subgraph_id": 2,
      "fusion_pattern": "Conv2d_ReLU",
      "operation_type": "conv2d",
      "flops": 1849688064,
      "total_bytes": 9781504,
      "arithmetic_intensity": 189.10057839775968,
      "theoretical_peak_flops": 2662400000000.0,
      "measured_latency": {
        "mean": 2.0180473458766937,
        "std": 0.20082739998960566,
        "min": 1.834944024682045,
        "max": 2.297183930873871,
        "ci_lower": 1.962380830655454,
        "ci_upper": 2.073713861097933,
        "samples": 50
      },
      "achieved_flops": 925327020740.5226,
      "efficiency": {
        "mean": 0.3475537187276602,
        "std": 0.03371843801505201,
        "min": 0.3024331687364398,
        "max": 0.3786189693197857,
        "ci_lower": 0.3382074445484473,
        "ci_upper": 0.35689999290687313,
        "samples": 50
      },
      "node_names": [
        "features_3",
        "features_4"
      ],
      "source_model": "vgg11"
    },
    {
      "subgraph_id": 3,
      "fusion_pattern": "Unfused",
      "operation_type": "unfused",
      "flops": 0,
      "total_bytes": 8028160,
      "arithmetic_intensity": 0.0,
      "theoretical_peak_flops": 2662400000000.0,
      "measured_latency": {
        "mean": 0.6334291231632233,
        "std": 0.10115856404799484,
        "min": 0.6017600297927856,
        "max": 1.030784010887146,
        "ci_lower": 0.6053893997707585,
        "ci_upper": 0.6614688465556882,
        "samples": 50
      },
      "achieved_flops": 0,
      "efficiency": {
        "mean": 0,
        "std": 0,
        "min": 0,
        "max": 0,
        "ci_lower": 0,
        "ci_upper": 0,
        "samples": 0
      },
      "node_names": [
        "features_5"
      ],
      "source_model": "vgg11"
    },
    {
      "subgraph_id": 4,
      "fusion_pattern": "Conv2d_ReLU",
      "operation_type": "conv2d",
      "flops": 1849688064,
      "total_bytes": 5407232,
      "arithmetic_intensity": 342.0766972824543,
      "theoretical_peak_flops": 2662400000000.0,
      "measured_latency": {
        "mean": 1.5760307174921036,
        "std": 0.1954416568551295,
        "min": 1.4203520566225052,
        "max": 1.8746560215950012,
        "ci_lower": 1.5218570541037737,
        "ci_upper": 1.6302043808804334,
        "samples": 50
      },
      "achieved_flops": 1190353899065.9502,
      "efficiency": {
        "mean": 0.44709806906022775,
        "std": 0.05167486575302112,
        "min": 0.3705984497323997,
        "max": 0.48913550140284795,
        "ci_lower": 0.4327745270478084,
        "ci_upper": 0.4614216110726471,
        "samples": 50
      },
      "node_names": [
        "features_6",
        "features_7"
      ],
      "source_model": "vgg11"
    },
    {
      "subgraph_id": 5,
      "fusion_pattern": "Conv2d_ReLU",
      "operation_type": "conv2d",
      "flops": 3699376128,
      "total_bytes": 7602688,
      "arithmetic_intensity": 486.58791837834195,
      "theoretical_peak_flops": 2662400000000.0,
      "measured_latency": {
        "mean": 2.393021431863308,
        "std": 0.011385514566768092,
        "min": 2.3774080127477646,
        "max": 2.437311887741089,
        "ci_lower": 2.3898655282367836,
        "ci_upper": 2.396177335489832,
        "samples": 50
      },
      "achieved_flops": 1545935863389.3972,
      "efficiency": {
        "mean": 0.5806549967658493,
        "std": 0.002744447490409279,
        "min": 0.5700908602456354,
        "max": 0.5844555176556693,
        "ci_lower": 0.5798942747328664,
        "ci_upper": 0.5814157187988322,
        "samples": 50
      },
      "node_names": [
        "features_8",
        "features_9"
      ],
      "source_model": "vgg11"
    },
    {
      "subgraph_id": 6,
      "fusion_pattern": "Unfused",
      "operation_type": "unfused",
      "flops": 0,
      "total_bytes": 4014080,
      "arithmetic_intensity": 0.0,
      "theoretical_peak_flops": 2662400000000.0,
      "measured_latency": {
        "mean": 0.38486655831336974,
        "std": 0.08519287281821857,
        "min": 0.3630079925060272,
        "max": 0.8018559813499451,
        "ci_lower": 0.36125229874658776,
        "ci_upper": 0.4084808178801517,
        "samples": 50
      },
      "achieved_flops": 0,
      "efficiency": {
        "mean": 0,
        "std": 0,
        "min": 0,
        "max": 0,
        "ci_lower": 0,
        "ci_upper": 0,
        "samples": 0
      },
      "node_names": [
        "features_10"
      ],
      "source_model": "vgg11"
    },
    {
      "subgraph_id": 7,
      "fusion_pattern": "Conv2d_ReLU",
      "operation_type": "conv2d",
      "flops": 1849688064,
      "total_bytes": 4768768,
      "arithmetic_intensity": 387.8754563023406,
      "theoretical_peak_flops": 2662400000000.0,
      "measured_latency": {
        "mean": 1.7400864070653916,
        "std": 0.1656480999225635,
        "min": 1.6489920169115067,
        "max": 2.1109439581632614,
        "ci_lower": 1.6941710963249943,
        "ci_upper": 1.786001717805789,
        "samples": 50
      },
      "achieved_flops": 1071318933627.9792,
      "efficiency": {
        "mean": 0.40238842158502824,
        "std": 0.03355296655233774,
        "min": 0.32911561327715905,
        "max": 0.42131472333373887,
        "ci_lower": 0.3930880137552195,
        "ci_upper": 0.411688829414837,
        "samples": 50
      },
      "node_names": [
        "features_11",
        "features_12"
      ],
      "source_model": "vgg11"
    },
    {
      "subgraph_id": 8,
      "fusion_pattern": "Conv2d_ReLU",
      "operation_type": "conv2d",
      "flops": 3699376128,
      "total_bytes": 7930880,
      "arithmetic_intensity": 466.45216268560364,
      "theoretical_peak_flops": 2662400000000.0,
      "measured_latency": {
        "mean": 3.151374090909958,