{
  "schema_version": "2.0",
  "measurement_type": "efficiency",
  "model": "vgg11",
  "hardware_id": "jetson_orin_agx_50w",
  "device": "cuda",
  "precision": "BF16",
  "thermal_profile": "50W",
  "theoretical_peak_flops": 2662400000000.0,
  "measurement_date": "2026-02-06T01:05:59.393108",
  "tool_version": "measure_efficiency.py v2.0 (migrated)",
  "batch_size": 1,
  "subgraphs": [
    {
      "subgraph_id": 0,
      "fusion_pattern": "Conv2d_ReLU",
      "operation_type": "conv2d",
      "flops": 173408256,
      "total_bytes": 13450752,
      "arithmetic_intensity": 12.892086330935252,
      "theoretical_peak_flops": 2662400000000.0,
      "measured_latency": {
        "mean": 1.4871615970134735,
        "std": 0.19258554353132787,
        "min": 1.3649919927120209,
        "max": 1.82681605219841,
        "ci_lower": 1.4337796078479899,
        "ci_upper": 1.5405435861789571,
        "samples": 50
      },
      "achieved_flops": 118309064677.54816,
      "efficiency": {
        "mean": 0.04443699845160312,
        "std": 0.005048254232439654,
        "min": 0.035653457070254434,
        "max": 0.0477162562418408,
        "ci_lower": 0.04303769376964571,
        "ci_upper": 0.04583630313356053,
        "samples": 50
      },
      "node_names": [
        "features_0",
        "features_1"
      ],
      "source_model": "vgg11"
    },
    {
      "subgraph_id": 1,
      "fusion_pattern": "Unfused",
      "operation_type": "unfused",
      "flops": 0,
      "total_bytes": 16056320,
      "arithmetic_intensity": 0.0,
      "theoretical_peak_flops": 2662400000000.0,
      "measured_latency": {
        "mean": 0.47627327978610995,
        "std": 0.006639425646713169,
        "min": 0.4675840139389038,
        "max": 0.4938879907131195,
        "ci_lower": 0.47443292489010386,
        "ci_upper": 0.47811363468211604,
        "samples": 50
      },
      "achieved_flops": 0,
      "efficiency": {
        "mean": 0,
        "std": 0,
        "min": 0,
        "max": 0,
        "ci_lower": 0,
        "ci_upper": 0,
        "samples": 0
      },
      "node_names": [
        "features_2"
      ],
      "source_model": "vgg11"
    },
    {
      "subgraph_id": 2,
      "fusion_pattern": "Conv2d_ReLU",
      "operation_type": "conv2d",
      "flops": 1849688064,
      "total_bytes": 9781504,
      "arithmetic_intensity": 189.10057839775968,
      "theoretical_peak_flops": 2662400000000.0,
      "measured_latency": {
        "mean": 1.015998086631298,
        "std": 0.17397809598209812,
        "min": 0.9209280163049698,
        "max": 1.371904045343399,
        "ci_lower": 0.9677738187841267,
        "ci_upper": 1.0642223544784695,
        "samples": 50
      },
      "achieved_flops": 1863259652368.7861,
      "efficiency": {
        "mean": 0.6998421170255357,
        "std": 0.09557016015825046,
        "min": 0.5064090435061841,
        "max": 0.7543962210772263,
        "ci_lower": 0.6733514201613582,
        "ci_upper": 0.7263328138897132,
        "samples": 50
      },
      "node_names": [
        "features_3",
        "features_4"
      ],
      "source_model": "vgg11"
    },
    {
      "subgraph_id": 3,
      "fusion_pattern": "Unfused",
      "operation_type": "unfused",
      "flops": 0,
      "total_bytes": 8028160,
      "arithmetic_intensity": 0.0,
      "theoretical_peak_flops": 2662400000000.0,
      "measured_latency": {
        "mean": 0.2888812792301178,
        "std": 0.006889276814053558,
        "min": 0.28255999088287354,
        "max": 0.32739201188087463,
        "ci_lower": 0.2869716691238639,
        "ci_upper": 0.2907908893363717,
        "samples": 50
      },
      "achieved_flops": 0,
      "efficiency": {
        "mean": 0,
        "std": 0,
        "min": 0,
        "max": 0,
        "ci_lower": 0,
        "ci_upper": 0,
        "samples": 0
      },
      "node_names": [
        "features_5"
      ],
      "source_model": "vgg11"
    },
    {
      "subgraph_id": 4,
      "fusion_pattern": "Conv2d_ReLU",
      "operation_type": "conv2d",
      "flops": 1849688064,
      "total_bytes": 5407232,
      "arithmetic_intensity": 342.0766972824543,
      "theoretical_peak_flops": 2662400000000.0,
      "measured_latency": {
        "mean": 0.8372755229473114,
        "std": 0.1761630993109562,
        "min": 0.7403840124607086,
        "max": 1.2045439928770065,
        "ci_lower": 0.7884456030772058,
        "ci_upper": 0.8861054428174171,
        "samples": 50
      },
      "achieved_flops": 2284718885454.155,
      "efficiency": {
        "mean": 0.8581426102216628,
        "std": 0.13763438678685347,
        "min": 0.5767698145463702,
        "max": 0.9383571277769652,
        "ci_lower": 0.8199923045988599,
        "ci_upper": 0.8962929158444658,
        "samples": 50
      },
      "node_names": [
        "features_6",
        "features_7"
      ],
      "source_model": "vgg11"
    },
    {
      "subgraph_id": 5,
      "fusion_pattern": "Conv2d_ReLU",
      "operation_type": "conv2d",
      "flops": 3699376128,
      "total_bytes": 7602688,
      "arithmetic_intensity": 486.58791837834195,
      "theoretical_peak_flops": 2662400000000.0,
      "measured_latency": {
        "mean": 1.035327358841896,
        "std": 0.12137638353279699,
        "min": 0.9889279752969742,
        "max": 1.4604160338640213,
        "ci_lower": 1.0016835418040957,
        "ci_upper": 1.0689711758796965,
        "samples": 50
      },
      "achieved_flops": 3608941331343.4536,
      "efficiency": {
        "mean": 1.3555218341884967,
        "std": 0.11704947826150679,
        "min": 0.951433837036745,
        "max": 1.4050459340600294,
        "ci_lower": 1.3230773741017776,
        "ci_upper": 1.3879662942752158,
        "samples": 50
      },
      "node_names": [
        "features_8",
        "features_9"
      ],
      "source_model": "vgg11"
    },
    {
      "subgraph_id": 6,
      "fusion_pattern": "Unfused",
      "operation_type": "unfused",
      "flops": 0,
      "total_bytes": 4014080,
      "arithmetic_intensity": 0.0,
      "theoretical_peak_flops": 2662400000000.0,
      "measured_latency": {
        "mean": 0.19543232023715973,
        "std": 0.005416137534398961,
        "min": 0.18928000330924988,
        "max": 0.2194560021162033,
        "ci_lower": 0.19393104350642204,
        "ci_upper": 0.19693359696789742,
        "samples": 50
      },
      "achieved_flops": 0,
      "efficiency": {
        "mean": 0,
        "std": 0,
        "min": 0,
        "max": 0,
        "ci_lower": 0,
        "ci_upper": 0,
        "samples": 0
      },
      "node_names": [
        "features_10"
      ],
      "source_model": "vgg11"
    },
    {
      "subgraph_id": 7,
      "fusion_pattern": "Conv2d_ReLU",
      "operation_type": "conv2d",
      "flops": 1849688064,
      "total_bytes": 4768768,
      "arithmetic_intensity": 387.8754563023406,
      "theoretical_peak_flops": 2662400000000.0,
      "measured_latency": {
        "mean": 0.8881824013590812,
        "std": 0.13266453192599253,
        "min": 0.8384000211954117,
        "max": 1.2994239628314972,
        "ci_lower": 0.8514096692211403,
        "ci_upper": 0.9249551334970222,
        "samples": 50
      },
      "achieved_flops": 2115744640101.6104,
      "efficiency": {
        "mean": 0.7946757211920111,
        "std": 0.08517648403794811,
        "min": 0.5346558438638755,
        "max": 0.8286552932024397,
        "ci_lower": 0.7710660043633537,
        "ci_upper": 0.8182854380206686,
        "samples": 50
      },
      "node_names": [
        "features_11",
        "features_12"
      ],
      "source_model": "vgg11"
    },
    {
      "subgraph_id": 8,
      "fusion_pattern": "Conv2d_ReLU",
      "operation_type": "conv2d",
      "flops": 3699376128,
      "total_bytes": 7930880,
      "arithmetic_intensity": 466.45216268560364,
      "theoretical_peak_flops": 2662400000000.0,
      "measured_latency": {
        "mean": 1.3931449645757674,