{
  "schema_version": "2.0",
  "measurement_type": "efficiency",
  "model": "vgg11",
  "hardware_id": "jetson_orin_agx_50w",
  "device": "cuda",
  "precision": "FP32",
  "thermal_profile": "50W",
  "theoretical_peak_flops": 2662400000000.0,
  "measurement_date": "2026-02-04T23:55:38.110375",
  "tool_version": "measure_efficiency.py v2.0 (migrated)",
  "batch_size": 1,
  "subgraphs": [
    {
      "subgraph_id": 0,
      "fusion_pattern": "Conv2d_ReLU",
      "operation_type": "conv2d",
      "flops": 173408256,
      "total_bytes": 13454336,
      "arithmetic_intensity": 12.88865210442195,
      "theoretical_peak_flops": 2662400000000.0,
      "measured_latency": {
        "mean": 1.1994822385907173,
        "std": 0.2510252165932488,
        "min": 0.9597439765930176,
        "max": 1.9224959909915924,
        "ci_lower": 1.1299015984931693,
        "ci_upper": 1.2690628786882654,
        "samples": 50
      },
      "achieved_flops": 150471346458.62192,
      "efficiency": {
        "mean": 0.05651718241384537,
        "std": 0.010953285342058293,
        "min": 0.033879034337394635,
        "max": 0.06786425263487457,
        "ci_lower": 0.05348108661592224,
        "ci_upper": 0.05955327821176849,
        "samples": 50
      },
      "node_names": [
        "features_0",
        "features_1"
      ],
      "source_model": "vgg11"
    },
    {
      "subgraph_id": 1,
      "fusion_pattern": "Unfused",
      "operation_type": "unfused",
      "flops": 0,
      "total_bytes": 16056320,
      "arithmetic_intensity": 0.0,
      "theoretical_peak_flops": 2662400000000.0,
      "measured_latency": {
        "mean": 0.3715705609321594,
        "std": 0.06549472946116766,
        "min": 0.3410559892654419,
        "max": 0.7918720245361328,
        "ci_lower": 0.35341634813724315,
        "ci_upper": 0.38972477372707565,
        "samples": 50
      },
      "achieved_flops": 0,
      "efficiency": {
        "mean": 0,
        "std": 0,
        "min": 0,
        "max": 0,
        "ci_lower": 0,
        "ci_upper": 0,
        "samples": 0
      },
      "node_names": [
        "features_2"
      ],
      "source_model": "vgg11"
    },
    {
      "subgraph_id": 2,
      "fusion_pattern": "Conv2d_ReLU",
      "operation_type": "conv2d",
      "flops": 1849688064,
      "total_bytes": 9929216,
      "arithmetic_intensity": 186.28742329706594,
      "theoretical_peak_flops": 2662400000000.0,
      "measured_latency": {
        "mean": 1.1086784011125566,
        "std": 0.21177020549077383,
        "min": 0.8234239965677261,
        "max": 1.5058560371398926,
        "ci_lower": 1.049978694957085,
        "ci_upper": 1.167378107268028,
        "samples": 50
      },
      "achieved_flops": 1722800469655.0457,
      "efficiency": {
        "mean": 0.6470855129413482,
        "std": 0.1099672763689905,
        "min": 0.4613619086085812,
        "max": 0.8437264620420533,
        "ci_lower": 0.6166041390643299,
        "ci_upper": 0.6775668868183665,
        "samples": 50
      },
      "node_names": [
        "features_3",
        "features_4"
      ],
      "source_model": "vgg11"
    },
    {
      "subgraph_id": 3,
      "fusion_pattern": "Unfused",
      "operation_type": "unfused",
      "flops": 0,
      "total_bytes": 8028160,
      "arithmetic_intensity": 0.0,
      "theoretical_peak_flops": 2662400000000.0,
      "measured_latency": {
        "mean": 0.23231103926897048,
        "std": 0.016548171492053905,
        "min": 0.22022399306297302,
        "max": 0.301472008228302,
        "ci_lower": 0.22772412015188895,
        "ci_upper": 0.23689795838605202,
        "samples": 50
      },
      "achieved_flops": 0,
      "efficiency": {
        "mean": 0,
        "std": 0,
        "min": 0,
        "max": 0,
        "ci_lower": 0,
        "ci_upper": 0,
        "samples": 0
      },
      "node_names": [
        "features_5"
      ],
      "source_model": "vgg11"
    },
    {
      "subgraph_id": 4,
      "fusion_pattern": "Conv2d_ReLU",
      "operation_type": "conv2d",
      "flops": 1849688064,
      "total_bytes": 5997568,
      "arithmetic_intensity": 308.40635137442376,
      "theoretical_peak_flops": 2662400000000.0,
      "measured_latency": {
        "mean": 0.8268447962403297,
        "std": 0.19017259978967221,
        "min": 0.7273279875516891,
        "max": 1.8018239885568619,
        "ci_lower": 0.7741316409567258,
        "ci_upper": 0.8795579515239336,
        "samples": 50
      },
      "achieved_flops": 2311649809135.221,
      "efficiency": {
        "mean": 0.8682578910513902,
        "std": 0.129473618498619,
        "min": 0.3855785136599599,
        "max": 0.9552012672071716,
        "ci_lower": 0.8323696349903378,
        "ci_upper": 0.9041461471124426,
        "samples": 50
      },
      "node_names": [
        "features_6",
        "features_7"
      ],
      "source_model": "vgg11"
    },
    {
      "subgraph_id": 5,
      "fusion_pattern": "Conv2d_ReLU",
      "operation_type": "conv2d",
      "flops": 3699376128,
      "total_bytes": 8782848,
      "arithmetic_intensity": 421.20461699895066,
      "theoretical_peak_flops": 2662400000000.0,
      "measured_latency": {
        "mean": 1.1050265612453223,
        "std": 0.12033004383519331,
        "min": 0.9380159862339497,
        "max": 1.6121599823236465,
        "ci_lower": 1.071672774774597,
        "ci_upper": 1.1383803477160475,
        "samples": 50
      },
      "achieved_flops": 3380509736184.641,
      "efficiency": {
        "mean": 1.2697227074010822,
        "std": 0.1164002172782879,
        "min": 0.8618804870509967,
        "max": 1.4813065567761865,
        "ci_lower": 1.2374582132772087,
        "ci_upper": 1.3019872015249556,
        "samples": 50
      },
      "node_names": [
        "features_8",
        "features_9"
      ],
      "source_model": "vgg11"
    },
    {
      "subgraph_id": 6,
      "fusion_pattern": "Unfused",
      "operation_type": "unfused",
      "flops": 0,
      "total_bytes": 4014080,
      "arithmetic_intensity": 0.0,
      "theoretical_peak_flops": 2662400000000.0,
      "measured_latency": {
        "mean": 0.1658739197254181,
        "std": 0.008806344247889349,
        "min": 0.15727999806404114,
        "max": 0.19935999810695648,
        "ci_lower": 0.163432925637241,
        "ci_upper": 0.1683149138135952,
        "samples": 50
      },
      "achieved_flops": 0,
      "efficiency": {
        "mean": 0,
        "std": 0,
        "min": 0,
        "max": 0,
        "ci_lower": 0,
        "ci_upper": 0,
        "samples": 0
      },
      "node_names": [
        "features_10"
      ],
      "source_model": "vgg11"
    },
    {
      "subgraph_id": 7,
      "fusion_pattern": "Conv2d_ReLU",
      "operation_type": "conv2d",
      "flops": 1849688064,
      "total_bytes": 7129088,
      "arithmetic_intensity": 259.45647802355643,
      "theoretical_peak_flops": 2662400000000.0,
      "measured_latency": {
        "mean": 0.9142656023055316,
        "std": 0.11426918632693572,
        "min": 0.7441279776394367,
        "max": 1.3640960454940796,
        "ci_lower": 0.882591799824813,
        "ci_upper": 0.9459394047862502,
        "samples": 50
      },
      "achieved_flops": 2048592519661.1152,
      "efficiency": {
        "mean": 0.7694533201852145,
        "std": 0.07902202635366581,
        "min": 0.5093076969759683,
        "max": 0.9336359285784712,
        "ci_lower": 0.7475495319916851,
        "ci_upper": 0.791357108378744,
        "samples": 50
      },
      "node_names": [
        "features_11",
        "features_12"
      ],
      "source_model": "vgg11"
    },
    {
      "subgraph_id": 8,
      "fusion_pattern": "Conv2d_ReLU",
      "operation_type": "conv2d",
      "flops": 3699376128,
      "total_bytes": 12650496,
      "arithmetic_intensity": 292.4293346284604,
      "theoretical_peak_flops": 2662400000000.0,
      "measured_latency": {
        "mean": 1.4801631993055344,