{
  "schema_version": "2.0",
  "measurement_type": "efficiency",
  "model": "vgg11",
  "hardware_id": "jetson_orin_agx_15w",
  "device": "cuda",
  "precision": "FP32",
  "thermal_profile": "15W",
  "theoretical_peak_flops": 2662400000000.0,
  "measurement_date": "2026-02-05T19:03:20.527636",
  "tool_version": "measure_efficiency.py v2.0 (migrated)",
  "batch_size": 1,
  "subgraphs": [
    {
      "subgraph_id": 0,
      "fusion_pattern": "Conv2d_ReLU",
      "operation_type": "conv2d",
      "flops": 173408256,
      "total_bytes": 13454336,
      "arithmetic_intensity": 12.88865210442195,
      "theoretical_peak_flops": 2662400000000.0,
      "measured_latency": {
        "mean": 3.0650118267536164,
        "std": 0.1423082397650926,
        "min": 2.9608639776706696,
        "max": 3.936224102973938,
        "ci_lower": 3.025565995181822,
        "ci_upper": 3.1044576583254107,
        "samples": 50
      },
      "achieved_flops": 56673665220.15836,
      "efficiency": {
        "mean": 0.021286683150600345,
        "std": 0.0008021804113792337,
        "min": 0.016546900275088056,
        "max": 0.02199773720897091,
        "ci_lower": 0.021064330084820806,
        "ci_upper": 0.021509036216379885,
        "samples": 50
      },
      "node_names": [
        "features_0",
        "features_1"
      ],
      "source_model": "vgg11"
    },
    {
      "subgraph_id": 1,
      "fusion_pattern": "Unfused",
      "operation_type": "unfused",
      "flops": 0,
      "total_bytes": 16056320,
      "arithmetic_intensity": 0.0,
      "theoretical_peak_flops": 2662400000000.0,
      "measured_latency": {
        "mean": 1.1774207937717438,
        "std": 0.17383411195627083,
        "min": 0.9634559750556946,
        "max": 1.525439977645874,
        "ci_lower": 1.1292364362603422,
        "ci_upper": 1.2256051512831454,
        "samples": 50
      },
      "achieved_flops": 0,
      "efficiency": {
        "mean": 0,
        "std": 0,
        "min": 0,
        "max": 0,
        "ci_lower": 0,
        "ci_upper": 0,
        "samples": 0
      },
      "node_names": [
        "features_2"
      ],
      "source_model": "vgg11"
    },
    {
      "subgraph_id": 2,
      "fusion_pattern": "Conv2d_ReLU",
      "operation_type": "conv2d",
      "flops": 1849688064,
      "total_bytes": 9929216,
      "arithmetic_intensity": 186.28742329706594,
      "theoretical_peak_flops": 2662400000000.0,
      "measured_latency": {
        "mean": 2.943730536699295,
        "std": 0.3414920521693308,
        "min": 2.6031041145324707,
        "max": 4.758272051811218,
        "ci_lower": 2.8490737691416794,
        "ci_upper": 3.038387304256911,
        "samples": 50
      },
      "achieved_flops": 635042860379.2316,
      "efficiency": {
        "mean": 0.23852270897657435,
        "std": 0.02286408765814907,
        "min": 0.14600775403755306,
        "max": 0.2668908291089981,
        "ci_lower": 0.23218510721651578,
        "ci_upper": 0.24486031073663292,
        "samples": 50
      },
      "node_names": [
        "features_3",
        "features_4"
      ],
      "source_model": "vgg11"
    },
    {
      "subgraph_id": 3,
      "fusion_pattern": "Unfused",
      "operation_type": "unfused",
      "flops": 0,
      "total_bytes": 8028160,
      "arithmetic_intensity": 0.0,
      "theoretical_peak_flops": 2662400000000.0,
      "measured_latency": {
        "mean": 0.648568959236145,
        "std": 0.12176550870828226,
        "min": 0.488319993019104,
        "max": 1.0806080102920532,
        "ci_lower": 0.6148172822026207,
        "ci_upper": 0.6823206362696693,
        "samples": 50
      },
      "achieved_flops": 0,
      "efficiency": {
        "mean": 0,
        "std": 0,
        "min": 0,
        "max": 0,
        "ci_lower": 0,
        "ci_upper": 0,
        "samples": 0
      },
      "node_names": [
        "features_5"
      ],
      "source_model": "vgg11"
    },
    {
      "subgraph_id": 4,
      "fusion_pattern": "Conv2d_ReLU",
      "operation_type": "conv2d",
      "flops": 1849688064,
      "total_bytes": 5997568,
      "arithmetic_intensity": 308.40635137442376,
      "theoretical_peak_flops": 2662400000000.0,
      "measured_latency": {
        "mean": 2.0487206387519836,
        "std": 0.22057814008224227,
        "min": 1.7229119762778282,
        "max": 2.681407868862152,
        "ci_lower": 1.9875794976875851,
        "ci_upper": 2.109861779816382,
        "samples": 50
      },
      "achieved_flops": 912978266718.3308,
      "efficiency": {
        "mean": 0.34291551484312305,
        "std": 0.03621406374821548,
        "min": 0.25909695554053414,
        "max": 0.40323860124621036,
        "ci_lower": 0.3328774885032545,
        "ci_upper": 0.3529535411829916,
        "samples": 50
      },
      "node_names": [
        "features_6",
        "features_7"
      ],
      "source_model": "vgg11"
    },
    {
      "subgraph_id": 5,
      "fusion_pattern": "Conv2d_ReLU",
      "operation_type": "conv2d",
      "flops": 3699376128,
      "total_bytes": 8782848,
      "arithmetic_intensity": 421.20461699895066,
      "theoretical_peak_flops": 2662400000000.0,
      "measured_latency": {
        "mean": 3.243724171817303,
        "std": 0.17675351459906444,
        "min": 2.82940810918808,
        "max": 4.11296010017395,
        "ci_lower": 3.1947305971788538,
        "ci_upper": 3.292717746455752,
        "samples": 50
      },
      "achieved_flops": 1143280323702.92,
      "efficiency": {
        "mean": 0.4294171888908203,
        "std": 0.019905564518380756,
        "min": 0.3378319256514219,
        "max": 0.4910883043902618,
        "ci_lower": 0.42389964790633733,
        "ci_upper": 0.4349347298753033,
        "samples": 50
      },
      "node_names": [
        "features_8",
        "features_9"
      ],
      "source_model": "vgg11"
    },
    {
      "subgraph_id": 6,
      "fusion_pattern": "Unfused",
      "operation_type": "unfused",
      "flops": 0,
      "total_bytes": 4014080,
      "arithmetic_intensity": 0.0,
      "theoretical_peak_flops": 2662400000000.0,
      "measured_latency": {
        "mean": 0.44169663816690447,
        "std": 0.16260800649348695,
        "min": 0.2475840002298355,
        "max": 0.8378239870071411,
        "ci_lower": 0.3966239983327303,
        "ci_upper": 0.4867692780010786,
        "samples": 50
      },
      "achieved_flops": 0,
      "efficiency": {
        "mean": 0,
        "std": 0,
        "min": 0,
        "max": 0,
        "ci_lower": 0,
        "ci_upper": 0,
        "samples": 0
      },
      "node_names": [
        "features_10"
      ],
      "source_model": "vgg11"
    },
    {
      "subgraph_id": 7,
      "fusion_pattern": "Conv2d_ReLU",
      "operation_type": "conv2d",
      "flops": 1849688064,
      "total_bytes": 7129088,
      "arithmetic_intensity": 259.45647802355643,
      "theoretical_peak_flops": 2662400000000.0,
      "measured_latency": {
        "mean": 2.6686681625247,
        "std": 0.23345313483884514,
        "min": 2.3097919076681137,
        "max": 3.293536126613617,
        "ci_lower": 2.6039582549890485,
        "ci_upper": 2.733378070060352,
        "samples": 50
      },
      "achieved_flops": 698259563872.9856,
      "efficiency": {
        "mean": 0.2622669635941202,
        "std": 0.022603973312511818,
        "min": 0.2109418535812283,
        "max": 0.3007823402091687,
        "ci_lower": 0.25600146185219375,
        "ci_upper": 0.2685324653360467,
        "samples": 50
      },
      "node_names": [
        "features_11",
        "features_12"
      ],
      "source_model": "vgg11"
    },
    {
      "subgraph_id": 8,
      "fusion_pattern": "Conv2d_ReLU",
      "operation_type": "conv2d",
      "flops": 3699376128,
      "total_bytes": 12650496,
      "arithmetic_intensity": 292.4293346284604,
      "theoretical_peak_flops": 2662400000000.0,
      "measured_latency": {
        "mean": 4.631305610015988,
        "std": 0.12459147854058622,