{
  "schema_version": "1.0",
  "measurement_type": "efficiency",
  "model": "vgg11",
  "hardware_id": "jetson_orin_agx_30w",
  "device": "cuda",
  "precision": "BF16",
  "thermal_profile": "30W",
  "theoretical_peak_flops": 2662400000000.0,
  "measurement_date": "2026-02-06T01:58:21.658835",
  "tool_version": "measure_efficiency.py v1.0",
  "subgraphs": [
    {
      "subgraph_id": 0,
      "fusion_pattern": "Conv2d_ReLU",
      "operation_type": "conv2d",
      "flops": 173408256,
      "total_bytes": 13450752,
      "arithmetic_intensity": 12.892086330935252,
      "theoretical_peak_flops": 2662400000000.0,
      "measured_latency": {
        "mean": 1.945041919350624,
        "std": 0.2710081020689674,
        "min": 1.620224043726921,
        "max": 2.3503358960151672,
        "ci_lower": 1.8699223059926746,
        "ci_upper": 2.0201615327085736,
        "samples": 50
      },
      "achieved_flops": 90867406715.87126,
      "efficiency": {
        "mean": 0.0341298853349877,
        "std": 0.004732258449646246,
        "min": 0.02771191462579244,
        "max": 0.04019956866118779,
        "ci_lower": 0.0328181702152794,
        "ci_upper": 0.03544160045469601,
        "samples": 50
      },
      "node_names": [
        "features_0",
        "features_1"
      ],
      "source_model": "vgg11"
    },
    {
      "subgraph_id": 1,
      "fusion_pattern": "Unfused",
      "operation_type": "unfused",
      "flops": 0,
      "total_bytes": 16056320,
      "arithmetic_intensity": 0.0,
      "theoretical_peak_flops": 2662400000000.0,
      "measured_latency": {
        "mean": 0.6946502363681794,
        "std": 0.10047273684975537,
        "min": 0.5788159966468811,
        "max": 0.8235840201377869,
        "ci_lower": 0.6668006145762526,
        "ci_upper": 0.7224998581601061,
        "samples": 50
      },
      "achieved_flops": 0,
      "efficiency": {
        "mean": 0,
        "std": 0,
        "min": 0,
        "max": 0,
        "ci_lower": 0,
        "ci_upper": 0,
        "samples": 0
      },
      "node_names": [
        "features_2"
      ],
      "source_model": "vgg11"
    },
    {
      "subgraph_id": 2,
      "fusion_pattern": "Conv2d_ReLU",
      "operation_type": "conv2d",
      "flops": 1849688064,
      "total_bytes": 9781504,
      "arithmetic_intensity": 189.10057839775968,
      "theoretical_peak_flops": 2662400000000.0,
      "measured_latency": {
        "mean": 1.2113798442482948,
        "std": 0.15578222085227195,
        "min": 1.030208021402359,
        "max": 1.4144320338964462,
        "ci_lower": 1.1681992156651415,
        "ci_upper": 1.2545604728314481,
        "samples": 50
      },
      "achieved_flops": 1551671264290.133,
      "efficiency": {
        "mean": 0.5828092188589742,
        "std": 0.07399875977777391,
        "min": 0.4911827494960986,
        "max": 0.6743731372222304,
        "ci_lower": 0.5622978091223769,
        "ci_upper": 0.6033206285955715,
        "samples": 50
      },
      "node_names": [
        "features_3",
        "features_4"
      ],
      "source_model": "vgg11"
    },
    {
      "subgraph_id": 3,
      "fusion_pattern": "Unfused",
      "operation_type": "unfused",
      "flops": 0,
      "total_bytes": 8028160,
      "arithmetic_intensity": 0.0,
      "theoretical_peak_flops": 2662400000000.0,
      "measured_latency": {
        "mean": 0.38903808176517485,
        "std": 0.05177770304348658,
        "min": 0.33004799485206604,
        "max": 0.46691200137138367,
        "ci_lower": 0.3746860347101403,
        "ci_upper": 0.4033901288202094,
        "samples": 50
      },
      "achieved_flops": 0,
      "efficiency": {
        "mean": 0,
        "std": 0,
        "min": 0,
        "max": 0,
        "ci_lower": 0,
        "ci_upper": 0,
        "samples": 0
      },
      "node_names": [
        "features_5"
      ],
      "source_model": "vgg11"
    },
    {
      "subgraph_id": 4,
      "fusion_pattern": "Conv2d_ReLU",
      "operation_type": "conv2d",
      "flops": 1849688064,
      "total_bytes": 5407232,
      "arithmetic_intensity": 342.0766972824543,
      "theoretical_peak_flops": 2662400000000.0,
      "measured_latency": {
        "mean": 0.9297196778655052,
        "std": 0.11564626549226449,
        "min": 0.7904640212655067,
        "max": 1.0894079804420471,
        "ci_lower": 0.897664168514501,
        "ci_upper": 0.9617751872165095,
        "samples": 50
      },
      "achieved_flops": 2019598401279.3872,
      "efficiency": {
        "mean": 0.7585631014420775,
        "std": 0.09300119232183246,
        "min": 0.6377267542162763,
        "max": 0.8789073211356948,
        "ci_lower": 0.7327844861323903,
        "ci_upper": 0.7843417167517647,
        "samples": 50
      },
      "node_names": [
        "features_6",
        "features_7"
      ],
      "source_model": "vgg11"
    },
    {
      "subgraph_id": 5,
      "fusion_pattern": "Conv2d_ReLU",
      "operation_type": "conv2d",
      "flops": 3699376128,
      "total_bytes": 7602688,
      "arithmetic_intensity": 486.58791837834195,
      "theoretical_peak_flops": 2662400000000.0,
      "measured_latency": {
        "mean": 1.299172482341528,
        "std": 0.17601020540972126,
        "min": 1.0970559865236282,
        "max": 1.5237440317869186,
        "ci_lower": 1.2503849424986537,
        "ci_upper": 1.3479600221844024,
        "samples": 50
      },
      "achieved_flops": 2898719903939.911,
      "efficiency": {
        "mean": 1.0887619831505075,
        "std": 0.1454811611413422,
        "min": 0.9118915000046004,
        "max": 1.2665618234966025,
        "ci_lower": 1.0484366626439567,
        "ci_upper": 1.1290873036570583,
        "samples": 50
      },
      "node_names": [
        "features_8",
        "features_9"
      ],
      "source_model": "vgg11"
    },
    {
      "subgraph_id": 6,
      "fusion_pattern": "Unfused",
      "operation_type": "unfused",
      "flops": 0,
      "total_bytes": 4014080,
      "arithmetic_intensity": 0.0,
      "theoretical_peak_flops": 2662400000000.0,
      "measured_latency": {
        "mean": 0.23532607942819594,
        "std": 0.026354372558336513,
        "min": 0.20313599705696106,
        "max": 0.27033600211143494,
        "ci_lower": 0.22802102005262873,
        "ci_upper": 0.24263113880376316,
        "samples": 50
      },
      "achieved_flops": 0,
      "efficiency": {
        "mean": 0,
        "std": 0,
        "min": 0,
        "max": 0,
        "ci_lower": 0,
        "ci_upper": 0,
        "samples": 0
      },
      "node_names": [
        "features_10"
      ],
      "source_model": "vgg11"
    },
    {
      "subgraph_id": 7,
      "fusion_pattern": "Conv2d_ReLU",
      "operation_type": "conv2d",
      "flops": 1849688064,
      "total_bytes": 4768768,
      "arithmetic_intensity": 387.8754563023406,
      "theoretical_peak_flops": 2662400000000.0,
      "measured_latency": {
        "mean": 1.0763206440210342,
        "std": 0.1351263931409526,
        "min": 0.9186880066990852,
        "max": 1.261152058839798,
        "ci_lower": 1.0388655187693934,
        "ci_upper": 1.113775769272675,
        "samples": 50
      },
      "achieved_flops": 1745062502903.4756,
      "efficiency": {
        "mean": 0.6554471540352598,
        "std": 0.0812672271448449,
        "min": 0.5508809270975211,
        "max": 0.7562356429152535,
        "ci_lower": 0.6329210279335397,
        "ci_upper": 0.6779732801369799,
        "samples": 50
      },
      "node_names": [
        "features_11",
        "features_12"
      ],
      "source_model": "vgg11"
    },
    {
      "subgraph_id": 8,
      "fusion_pattern": "Conv2d_ReLU",
      "operation_type": "conv2d",
      "flops": 3699376128,
      "total_bytes": 7930880,
      "arithmetic_intensity": 466.45216268560364,
      "theoretical_peak_flops": 2662400000000.0,
      "measured_latency": {
        "mean": 1.7248806364834308,
        "std": 0.2378532361857746,