{
  "schema_version": "2.0",
  "measurement_type": "efficiency",
  "model": "vgg11",
  "hardware_id": "jetson_orin_agx_15w",
  "device": "cuda",
  "precision": "BF16",
  "thermal_profile": "15W",
  "theoretical_peak_flops": 2662400000000.0,
  "measurement_date": "2026-02-06T02:14:30.979494",
  "tool_version": "measure_efficiency.py v2.0 (migrated)",
  "batch_size": 1,
  "subgraphs": [
    {
      "subgraph_id": 0,
      "fusion_pattern": "Conv2d_ReLU",
      "operation_type": "conv2d",
      "flops": 173408256,
      "total_bytes": 13450752,
      "arithmetic_intensity": 12.892086330935252,
      "theoretical_peak_flops": 2662400000000.0,
      "measured_latency": {
        "mean": 3.2878233379125597,
        "std": 0.1493044596893752,
        "min": 2.9491840302944183,
        "max": 3.762623965740204,
        "ci_lower": 3.2464382531167213,
        "ci_upper": 3.329208422708398,
        "samples": 50
      },
      "achieved_flops": 52854861929.40716,
      "efficiency": {
        "mean": 0.01985233696266795,
        "std": 0.0009508440488847016,
        "min": 0.01731034200742792,
        "max": 0.022084857039526794,
        "ci_lower": 0.01958877643893959,
        "ci_upper": 0.02011589748639631,
        "samples": 50
      },
      "node_names": [
        "features_0",
        "features_1"
      ],
      "source_model": "vgg11"
    },
    {
      "subgraph_id": 1,
      "fusion_pattern": "Unfused",
      "operation_type": "unfused",
      "flops": 0,
      "total_bytes": 16056320,
      "arithmetic_intensity": 0.0,
      "theoretical_peak_flops": 2662400000000.0,
      "measured_latency": {
        "mean": 1.1585862445831299,
        "std": 0.13720295587769046,
        "min": 1.1026560068130493,
        "max": 1.5378880500793457,
        "ci_lower": 1.120555525507148,
        "ci_upper": 1.1966169636591117,
        "samples": 50
      },
      "achieved_flops": 0,
      "efficiency": {
        "mean": 0,
        "std": 0,
        "min": 0,
        "max": 0,
        "ci_lower": 0,
        "ci_upper": 0,
        "samples": 0
      },
      "node_names": [
        "features_2"
      ],
      "source_model": "vgg11"
    },
    {
      "subgraph_id": 2,
      "fusion_pattern": "Conv2d_ReLU",
      "operation_type": "conv2d",
      "flops": 1849688064,
      "total_bytes": 9781504,
      "arithmetic_intensity": 189.10057839775968,
      "theoretical_peak_flops": 2662400000000.0,
      "measured_latency": {
        "mean": 2.0354790499806406,
        "std": 0.2077847608720807,
        "min": 1.8503040224313736,
        "max": 2.3128320276737213,
        "ci_lower": 1.9778840527122101,
        "ci_upper": 2.093074047249071,
        "samples": 50
      },
      "achieved_flops": 917797240769.7522,
      "efficiency": {
        "mean": 0.3447255261304658,
        "std": 0.03406804069053248,
        "min": 0.30038697452810664,
        "max": 0.375475925557192,
        "ci_lower": 0.33528234703361204,
        "ci_upper": 0.3541687052273196,
        "samples": 50
      },
      "node_names": [
        "features_3",
        "features_4"
      ],
      "source_model": "vgg11"
    },
    {
      "subgraph_id": 3,
      "fusion_pattern": "Unfused",
      "operation_type": "unfused",
      "flops": 0,
      "total_bytes": 8028160,
      "arithmetic_intensity": 0.0,
      "theoretical_peak_flops": 2662400000000.0,
      "measured_latency": {
        "mean": 0.6537331199645996,
        "std": 0.11462123703250596,
        "min": 0.6144959926605225,
        "max": 1.0402560234069824,
        "ci_lower": 0.6219617340069188,
        "ci_upper": 0.6855045059222804,
        "samples": 50
      },
      "achieved_flops": 0,
      "efficiency": {
        "mean": 0,
        "std": 0,
        "min": 0,
        "max": 0,
        "ci_lower": 0,
        "ci_upper": 0,
        "samples": 0
      },
      "node_names": [
        "features_5"
      ],
      "source_model": "vgg11"
    },
    {
      "subgraph_id": 4,
      "fusion_pattern": "Conv2d_ReLU",
      "operation_type": "conv2d",
      "flops": 1849688064,
      "total_bytes": 5407232,
      "arithmetic_intensity": 342.0766972824543,
      "theoretical_peak_flops": 2662400000000.0,
      "measured_latency": {
        "mean": 1.567678073644638,
        "std": 0.19415865501511353,
        "min": 1.4313280284404755,
        "max": 1.8807680159807205,
        "ci_lower": 1.5138600402224376,
        "ci_upper": 1.6214961070668386,
        "samples": 50
      },
      "achieved_flops": 1196132695196.8174,
      "efficiency": {
        "mean": 0.4492685904435162,
        "std": 0.05026646698825753,
        "min": 0.36939410362226044,
        "max": 0.4853846229376118,
        "ci_lower": 0.43533543665143104,
        "ci_upper": 0.46320174423560134,
        "samples": 50
      },
      "node_names": [
        "features_6",
        "features_7"
      ],
      "source_model": "vgg11"
    },
    {
      "subgraph_id": 5,
      "fusion_pattern": "Conv2d_ReLU",
      "operation_type": "conv2d",
      "flops": 3699376128,
      "total_bytes": 7602688,
      "arithmetic_intensity": 486.58791837834195,
      "theoretical_peak_flops": 2662400000000.0,
      "measured_latency": {
        "mean": 2.4001792168617246,
        "std": 0.012252651092963758,
        "min": 2.384799972176552,
        "max": 2.4415679275989532,
        "ci_lower": 2.3967829552529882,
        "ci_upper": 2.403575478470461,
        "samples": 50
      },
      "achieved_flops": 1541330634375.5867,
      "efficiency": {
        "mean": 0.5789252683201572,
        "std": 0.0029287615437937494,
        "min": 0.5690971015234704,
        "max": 0.5826439311390448,
        "ci_lower": 0.578113457038104,
        "ci_upper": 0.5797370796022104,
        "samples": 50
      },
      "node_names": [
        "features_8",
        "features_9"
      ],
      "source_model": "vgg11"
    },
    {
      "subgraph_id": 6,
      "fusion_pattern": "Unfused",
      "operation_type": "unfused",
      "flops": 0,
      "total_bytes": 4014080,
      "arithmetic_intensity": 0.0,
      "theoretical_peak_flops": 2662400000000.0,
      "measured_latency": {
        "mean": 0.3999756807088852,
        "std": 0.10039713476881669,
        "min": 0.36735999584198,
        "max": 0.7942079901695251,
        "ci_lower": 0.372147014744647,
        "ci_upper": 0.42780434667312334,
        "samples": 50
      },
      "achieved_flops": 0,
      "efficiency": {
        "mean": 0,
        "std": 0,
        "min": 0,
        "max": 0,
        "ci_lower": 0,
        "ci_upper": 0,
        "samples": 0
      },
      "node_names": [
        "features_10"
      ],
      "source_model": "vgg11"
    },
    {
      "subgraph_id": 7,
      "fusion_pattern": "Conv2d_ReLU",
      "operation_type": "conv2d",
      "flops": 1849688064,
      "total_bytes": 4768768,
      "arithmetic_intensity": 387.8754563023406,
      "theoretical_peak_flops": 2662400000000.0,
      "measured_latency": {
        "mean": 1.7722419077157974,
        "std": 0.21138091309054513,
        "min": 1.6585920453071594,
        "max": 2.5191999673843384,
        "ci_lower": 1.7136501079083837,
        "ci_upper": 1.830833707523211,
        "samples": 50
      },
      "achieved_flops": 1055816840405.5646,
      "efficiency": {
        "mean": 0.39656582046483047,
        "std": 0.039081554964533055,
        "min": 0.2757798604236893,
        "max": 0.41887612891327575,
        "ci_lower": 0.38573296611121394,
        "ci_upper": 0.407398674818447,
        "samples": 50
      },
      "node_names": [
        "features_11",
        "features_12"
      ],
      "source_model": "vgg11"
    },
    {
      "subgraph_id": 8,
      "fusion_pattern": "Conv2d_ReLU",
      "operation_type": "conv2d",
      "flops": 3699376128,
      "total_bytes": 7930880,
      "arithmetic_intensity": 466.45216268560364,
      "theoretical_peak_flops": 2662400000000.0,
      "measured_latency": {
        "mean": 3.194239359498024,
        "std": 0.08553809583375484,