{
  "metadata": {
    "hardware_name": "Intel-i7-12700K",
    "calibration_date": "2025-11-05T19:09:09.875460",
    "calibration_tool_version": "1.0.0",
    "cpu_model": "x86_64",
    "cpu_count": 12,
    "total_memory_gb": 31.08944320678711,
    "python_version": "3.11.14",
    "pytorch_version": "2.7.1+cu126",
    "numpy_version": "2.2.6",
    "num_warmup_runs": 2,
    "num_measurement_runs": 5
  },
  "theoretical_peak_gflops": 1000.0,
  "theoretical_bandwidth_gbps": 75.0,
  "best_measured_gflops": 774.9739877815841,
  "avg_measured_gflops": 759.8570353575844,
  "worst_measured_gflops": 744.7400829335847,
  "measured_bandwidth_gbps": 52.39540509369264,
  "bandwidth_efficiency": 0.6986054012492352,
  "best_efficiency": 0.7749739877815841,
  "avg_efficiency": 0.7598570353575844,
  "worst_efficiency": 0.7447400829335847,
  "operation_profiles": {
    "add_operation=memory_copy_size_mb=128": {
      "operation_type": "add",
      "measured_gflops": 0.0,
      "efficiency": 0.5917947951861161,
      "achieved_bandwidth_gbps": 44.38460963895871,
      "memory_bound": true,
      "compute_bound": false,
      "arithmetic_intensity": 0.0,
      "batch_size": 1,
      "input_shape": [
        33554432
      ],
      "output_shape": [
        33554432
      ],
      "mean_latency_ms": 6.047939999552909,
      "std_latency_ms": 0.032167251832320165,
      "min_latency_ms": 6.017663996317424,
      "max_latency_ms": 6.107911998697091,
      "num_trials": 5,
      "extra_params": {
        "size_mb": 128,
        "operation": "memory_copy"
      }
    },
    "add_operation=memory_copy_size_mb=256": {
      "operation_type": "add",
      "measured_gflops": 0.0,
      "efficiency": 0.6986054012492352,
      "achieved_bandwidth_gbps": 52.39540509369264,
      "memory_bound": true,
      "compute_bound": false,
      "arithmetic_intensity": 0.0,
      "batch_size": 1,
      "input_shape": [
        67108864
      ],
      "output_shape": [
        67108864
      ],
      "mean_latency_ms": 10.246526599803474,
      "std_latency_ms": 0.07626111825174221,
      "min_latency_ms": 10.148432003916241,
      "max_latency_ms": 10.375805002695415,
      "num_trials": 5,
      "extra_params": {
        "size_mb": 256,
        "operation": "memory_copy"
      }
    },
    "matmul_cpp_gflops=None_implementation=numpy_blas_matrix_size=1024_medium": {
      "operation_type": "matmul",
      "measured_gflops": 744.7400829335847,
      "efficiency": 0.7447400829335847,
      "achieved_bandwidth_gbps": 4.363711423438972,
      "memory_bound": false,
      "compute_bound": true,
      "arithmetic_intensity": 170.66666666666666,
      "batch_size": 1,
      "input_shape": [
        1024,
        1024
      ],
      "output_shape": [
        1024,
        1024
      ],
      "mean_latency_ms": 2.8835343997343443,
      "std_latency_ms": 0.009534138082104866,
      "min_latency_ms": 2.872969998861663,
      "max_latency_ms": 2.9010259968345053,
      "num_trials": 5,
      "extra_params": {
        "matrix_size": 1024,
        "implementation": "numpy_blas",
        "cpp_gflops": null
      }
    },
    "matmul_cpp_gflops=None_implementation=numpy_blas_matrix_size=2048_medium": {
      "operation_type": "matmul",
      "measured_gflops": 774.9739877815841,
      "efficiency": 0.7749739877815841,
      "achieved_bandwidth_gbps": 2.2704316048288598,
      "memory_bound": false,
      "compute_bound": true,
      "arithmetic_intensity": 341.3333333333333,
      "batch_size": 1,
      "input_shape": [
        2048,
        2048
      ],
      "output_shape": [
        2048,
        2048
      ],
      "mean_latency_ms": 22.16831720143091,
      "std_latency_ms": 0.8641960806046856,
      "min_latency_ms": 21.714969007007312,
      "max_latency_ms": 23.896298996987753,
      "num_trials": 5,
      "extra_params": {
        "matrix_size": 2048,
        "implementation": "numpy_blas",
        "cpp_gflops": null
      }
    }
  }
}