{
  "metadata": {
    "hardware_name": "NVIDIA-Jetson-Orin-Nano",
    "calibration_date": "2025-11-15T09:39:49.008679",
    "calibration_tool_version": "1.0.0",
    "cpu_model": "x86_64",
    "cpu_count": 12,
    "total_memory_gb": 31.089431762695312,
    "python_version": "3.11.14",
    "pytorch_version": "2.7.1+cu126",
    "numpy_version": "2.2.6",
    "num_warmup_runs": 3,
    "num_measurement_runs": 10
  },
  "theoretical_peak_gflops": 2600.0,
  "theoretical_bandwidth_gbps": 102.4,
  "best_measured_gflops": 822.785370684466,
  "avg_measured_gflops": 730.0811180598976,
  "worst_measured_gflops": 569.8933842017441,
  "measured_bandwidth_gbps": 52.939760192401614,
  "bandwidth_efficiency": 0.516989845628922,
  "best_efficiency": 0.31645591180171767,
  "avg_efficiency": 0.28080043002303756,
  "worst_efficiency": 0.21918976315451696,
  "operation_profiles": {
    "add_operation=memory_copy_size_mb=64": {
      "operation_type": "add",
      "measured_gflops": 0.0,
      "efficiency": 0.47375157402528345,
      "achieved_bandwidth_gbps": 48.512161180189025,
      "memory_bound": true,
      "compute_bound": false,
      "arithmetic_intensity": 0.0,
      "batch_size": 1,
      "input_shape": [
        16777216
      ],
      "output_shape": [
        16777216
      ],
      "mean_latency_ms": 2.766682100627804,
      "std_latency_ms": 0.034299277730020276,
      "min_latency_ms": 2.739156001553056,
      "max_latency_ms": 2.842424000846222,
      "num_trials": 10,
      "extra_params": {
        "size_mb": 64,
        "operation": "memory_copy"
      }
    },
    "add_operation=memory_copy_size_mb=128": {
      "operation_type": "add",
      "measured_gflops": 0.0,
      "efficiency": 0.44550468436955165,
      "achieved_bandwidth_gbps": 45.61967967944209,
      "memory_bound": true,
      "compute_bound": false,
      "arithmetic_intensity": 0.0,
      "batch_size": 1,
      "input_shape": [
        33554432
      ],
      "output_shape": [
        33554432
      ],
      "mean_latency_ms": 5.884202999368426,
      "std_latency_ms": 0.03193053211716883,
      "min_latency_ms": 5.844282999532879,
      "max_latency_ms": 5.962002998785465,
      "num_trials": 10,
      "extra_params": {
        "size_mb": 128,
        "operation": "memory_copy"
      }
    },
    "add_operation=memory_copy_size_mb=256": {
      "operation_type": "add",
      "measured_gflops": 0.0,
      "efficiency": 0.516989845628922,
      "achieved_bandwidth_gbps": 52.939760192401614,
      "memory_bound": true,
      "compute_bound": false,
      "arithmetic_intensity": 0.0,
      "batch_size": 1,
      "input_shape": [
        67108864
      ],
      "output_shape": [
        67108864
      ],
      "mean_latency_ms": 10.141166300127225,
      "std_latency_ms": 0.12428496950943055,
      "min_latency_ms": 10.025272000348195,
      "max_latency_ms": 10.42900699940219,
      "num_trials": 10,
      "extra_params": {
        "size_mb": 256,
        "operation": "memory_copy"
      }
    },
    "add_operation=memory_copy_size_mb=512": {
      "operation_type": "add",
      "measured_gflops": 0.0,
      "efficiency": 0.5075883213884704,
      "achieved_bandwidth_gbps": 51.97704411017938,
      "memory_bound": true,
      "compute_bound": false,
      "arithmetic_intensity": 0.0,
      "batch_size": 1,
      "input_shape": [
        134217728
      ],
      "output_shape": [
        134217728
      ],
      "mean_latency_ms": 20.658000899857143,
      "std_latency_ms": 0.07124910067007097,
      "min_latency_ms": 20.531993000986404,
      "max_latency_ms": 20.819438999751583,
      "num_trials": 10,
      "extra_params": {
        "size_mb": 512,
        "operation": "memory_copy"
      }
    },
    "matmul_cpp_gflops=None_implementation=numpy_blas_matrix_size=512_small": {
      "operation_type": "matmul",
      "measured_gflops": 569.8933842017441,
      "efficiency": 0.21918976315451696,
      "achieved_bandwidth_gbps": 6.678438096114189,
      "memory_bound": false,
      "compute_bound": true,
      "arithmetic_intensity": 85.33333333333333,
      "batch_size": 1,
      "input_shape": [
        512,
        512
      ],
      "output_shape": [
        512,
        512
      ],
      "mean_latency_ms": 0.47102749995246995,
      "std_latency_ms": 0.0041801891430339405,
      "min_latency_ms": 0.46668499999213964,
      "max_latency_ms": 0.4816529999516206,
      "num_trials": 10,
      "extra_params": {
        "matrix_size": 512,
        "implementation": "numpy_blas",
        "cpp_gflops": null
      }
    },
    "matmul_cpp_gflops=None_implementation=numpy_blas_matrix_size=1024_medium": {
      "operation_type": "matmul",
      "measured_gflops": 740.753752496166,
      "efficiency": 0.2849052894216023,
      "achieved_bandwidth_gbps": 4.3403540185322225,
      "memory_bound": false,
      "compute_bound": true,
      "arithmetic_intensity": 170.66666666666666,
      "batch_size": 1,
      "input_shape": [
        1024,
        1024
      ],
      "output_shape": [
        1024,
        1024
      ],
      "mean_latency_ms": 2.899052000429947,
      "std_latency_ms": 0.009374436321676515,
      "min_latency_ms": 2.8873520004708553,
      "max_latency_ms": 2.922296998804086,
      "num_trials": 10,
      "extra_params": {
        "matrix_size": 1024,
        "implementation": "numpy_blas",
        "cpp_gflops": null
      }
    },
    "matmul_cpp_gflops=None_implementation=numpy_blas_matrix_size=2048_medium": {
      "operation_type": "matmul",
      "measured_gflops": 786.8919648572144,
      "efficiency": 0.3026507557143132,
      "achieved_bandwidth_gbps": 2.30534755329262,
      "memory_bound": false,
      "compute_bound": true,
      "arithmetic_intensity": 341.3333333333333,
      "batch_size": 1,
      "input_shape": [
        2048,
        2048
      ],
      "output_shape": [
        2048,
        2048
      ],
      "mean_latency_ms": 21.832564000214916,
      "std_latency_ms": 0.6130238625562553,
      "min_latency_ms": 21.592849001535797,
      "max_latency_ms": 23.670925000260468,
      "num_trials": 10,
      "extra_params": {
        "matrix_size": 2048,
        "implementation": "numpy_blas",
        "cpp_gflops": null
      }
    },
    "matmul_cpp_gflops=None_implementation=numpy_blas_matrix_size=4096_large": {
      "operation_type": "matmul",
      "measured_gflops": 822.785370684466,
      "efficiency": 0.31645591180171767,
      "achieved_bandwidth_gbps": 1.2052520078385731,
      "memory_bound": false,
      "compute_bound": true,
      "arithmetic_intensity": 682.6666666666666,
      "batch_size": 1,
      "input_shape": [
        4096,
        4096
      ],
      "output_shape": [
        4096,
        4096
      ],
      "mean_latency_ms": 167.04107580044365,
      "std_latency_ms": 0.35139801185811315,
      "min_latency_ms": 166.35008500088588,
      "max_latency_ms": 167.66003299926524,
      "num_trials": 10,
      "extra_params": {
        "matrix_size": 4096,
        "implementation": "numpy_blas",
        "cpp_gflops": null
      }
    }
  },
  "fusion_profiles": {}
}