{
  "schema_version": "1.0",
  "measurement_type": "efficiency",
  "model": "vgg11",
  "hardware_id": "jetson_orin_agx_50w",
  "device": "cuda",
  "precision": "FP16",
  "thermal_profile": "50W",
  "theoretical_peak_flops": 2662400000000.0,
  "measurement_date": "2026-02-06T01:25:54.761544",
  "tool_version": "measure_efficiency.py v1.0",
  "subgraphs": [
    {
      "subgraph_id": 0,
      "fusion_pattern": "Conv2d_ReLU",
      "operation_type": "conv2d",
      "flops": 173408256,
      "total_bytes": 13450752,
      "arithmetic_intensity": 12.892086330935252,
      "theoretical_peak_flops": 2662400000000.0,
      "measured_latency": {
        "mean": 1.43981759339571,
        "std": 0.36015115267830766,
        "min": 1.2275199890136719,
        "max": 2.382815957069397,
        "ci_lower": 1.3399887870498046,
        "ci_upper": 1.5396463997416154,
        "samples": 50
      },
      "achieved_flops": 125986856843.99101,
      "efficiency": {
        "mean": 0.04732078457181153,
        "std": 0.008641683932572844,
        "min": 0.027334174718392147,
        "max": 0.053060079082412615,
        "ci_lower": 0.044925431994451044,
        "ci_upper": 0.04971613714917202,
        "samples": 50
      },
      "node_names": [
        "features_0",
        "features_1"
      ],
      "source_model": "vgg11"
    },
    {
      "subgraph_id": 1,
      "fusion_pattern": "Unfused",
      "operation_type": "unfused",
      "flops": 0,
      "total_bytes": 16056320,
      "arithmetic_intensity": 0.0,
      "theoretical_peak_flops": 2662400000000.0,
      "measured_latency": {
        "mean": 0.494940801858902,
        "std": 0.0531871182983476,
        "min": 0.4646719992160797,
        "max": 0.6195200085639954,
        "ci_lower": 0.48019808482685317,
        "ci_upper": 0.5096835188909508,
        "samples": 50
      },
      "achieved_flops": 0,
      "efficiency": {
        "mean": 0,
        "std": 0,
        "min": 0,
        "max": 0,
        "ci_lower": 0,
        "ci_upper": 0,
        "samples": 0
      },
      "node_names": [
        "features_2"
      ],
      "source_model": "vgg11"
    },
    {
      "subgraph_id": 2,
      "fusion_pattern": "Conv2d_ReLU",
      "operation_type": "conv2d",
      "flops": 1849688064,
      "total_bytes": 9781504,
      "arithmetic_intensity": 189.10057839775968,
      "theoretical_peak_flops": 2662400000000.0,
      "measured_latency": {
        "mean": 1.1035187196731568,
        "std": 0.2911160823988749,
        "min": 0.924255982041359,
        "max": 1.8836799710988998,
        "ci_lower": 1.022825458530288,
        "ci_upper": 1.1842119808160256,
        "samples": 50
      },
      "achieved_flops": 1763483514985.9688,
      "efficiency": {
        "mean": 0.6623661038859557,
        "std": 0.12892291318944063,
        "min": 0.36882306232693857,
        "max": 0.7516798688715728,
        "ci_lower": 0.6266304955486571,
        "ci_upper": 0.6981017122232543,
        "samples": 50
      },
      "node_names": [
        "features_3",
        "features_4"
      ],
      "source_model": "vgg11"
    },
    {
      "subgraph_id": 3,
      "fusion_pattern": "Unfused",
      "operation_type": "unfused",
      "flops": 0,
      "total_bytes": 8028160,
      "arithmetic_intensity": 0.0,
      "theoretical_peak_flops": 2662400000000.0,
      "measured_latency": {
        "mean": 0.2968441587686539,
        "std": 0.02729002497428632,
        "min": 0.28012800216674805,
        "max": 0.3635199964046478,
        "ci_lower": 0.2892797497751712,
        "ci_upper": 0.3044085677621366,
        "samples": 50
      },
      "achieved_flops": 0,
      "efficiency": {
        "mean": 0,
        "std": 0,
        "min": 0,
        "max": 0,
        "ci_lower": 0,
        "ci_upper": 0,
        "samples": 0
      },
      "node_names": [
        "features_5"
      ],
      "source_model": "vgg11"
    },
    {
      "subgraph_id": 4,
      "fusion_pattern": "Conv2d_ReLU",
      "operation_type": "conv2d",
      "flops": 1849688064,
      "total_bytes": 5407232,
      "arithmetic_intensity": 342.0766972824543,
      "theoretical_peak_flops": 2662400000000.0,
      "measured_latency": {
        "mean": 0.839194873869419,
        "std": 0.18839311356046698,
        "min": 0.7406080067157745,
        "max": 1.5313599705696106,
        "ci_lower": 0.7869749670034573,
        "ci_upper": 0.8914147807353808,
        "samples": 50
      },
      "achieved_flops": 2280695163353.678,
      "efficiency": {
        "mean": 0.8566312963317602,
        "std": 0.13319537016161415,
        "min": 0.4536781871908246,
        "max": 0.9380733250042215,
        "ci_lower": 0.8197114233418997,
        "ci_upper": 0.8935511693216206,
        "samples": 50
      },
      "node_names": [
        "features_6",
        "features_7"
      ],
      "source_model": "vgg11"
    },
    {
      "subgraph_id": 5,
      "fusion_pattern": "Conv2d_ReLU",
      "operation_type": "conv2d",
      "flops": 3699376128,
      "total_bytes": 7602688,
      "arithmetic_intensity": 486.58791837834195,
      "theoretical_peak_flops": 2662400000000.0,
      "measured_latency": {
        "mean": 1.059505281150341,
        "std": 0.12660176067753612,
        "min": 0.9861760288476944,
        "max": 1.4340800195932388,
        "ci_lower": 1.024413063464126,
        "ci_upper": 1.0945974988365559,
        "samples": 50
      },
      "achieved_flops": 3533227339544.786,
      "efficiency": {
        "mean": 1.327083586067002,
        "std": 0.1338417051260333,
        "min": 0.9689063453818596,
        "max": 1.4089667464263869,
        "ci_lower": 1.2899845581653282,
        "ci_upper": 1.364182613968676,
        "samples": 50
      },
      "node_names": [
        "features_8",
        "features_9"
      ],
      "source_model": "vgg11"
    },
    {
      "subgraph_id": 6,
      "fusion_pattern": "Unfused",
      "operation_type": "unfused",
      "flops": 0,
      "total_bytes": 4014080,
      "arithmetic_intensity": 0.0,
      "theoretical_peak_flops": 2662400000000.0,
      "measured_latency": {
        "mean": 0.1996659204363823,
        "std": 0.014147079851041763,
        "min": 0.18876799941062927,
        "max": 0.23235200345516205,
        "ci_lower": 0.19574454996649188,
        "ci_upper": 0.2035872909062727,
        "samples": 50
      },
      "achieved_flops": 0,
      "efficiency": {
        "mean": 0,
        "std": 0,
        "min": 0,
        "max": 0,
        "ci_lower": 0,
        "ci_upper": 0,
        "samples": 0
      },
      "node_names": [
        "features_10"
      ],
      "source_model": "vgg11"
    },
    {
      "subgraph_id": 7,
      "fusion_pattern": "Conv2d_ReLU",
      "operation_type": "conv2d",
      "flops": 1849688064,
      "total_bytes": 4768768,
      "arithmetic_intensity": 387.8754563023406,
      "theoretical_peak_flops": 2662400000000.0,
      "measured_latency": {
        "mean": 0.9098048037290574,
        "std": 0.13533835843961328,
        "min": 0.8261440247297287,
        "max": 1.2954880446195602,
        "ci_lower": 0.8722909246941933,
        "ci_upper": 0.9473186827639214,
        "samples": 50
      },
      "achieved_flops": 2069274316858.851,
      "efficiency": {
        "mean": 0.7772214230990275,
        "std": 0.09386465700900111,
        "min": 0.5362802213961285,
        "max": 0.840948544791448,
        "ci_lower": 0.7512034675889804,
        "ci_upper": 0.8032393786090747,
        "samples": 50
      },
      "node_names": [
        "features_11",
        "features_12"
      ],
      "source_model": "vgg11"
    },
    {
      "subgraph_id": 8,
      "fusion_pattern": "Conv2d_ReLU",
      "operation_type": "conv2d",
      "flops": 3699376128,
      "total_bytes": 7930880,
      "arithmetic_intensity": 466.45216268560364,
      "theoretical_peak_flops": 2662400000000.0,
      "measured_latency": {
        "mean": 1.4825126430392266,
        "std": 0.20399242419809066,
        "min": 1.365824043750763,