{
  "schema_version": "2.0",
  "measurement_type": "efficiency",
  "model": "vgg11",
  "hardware_id": "jetson_orin_agx_30w",
  "device": "cuda",
  "precision": "FP16",
  "thermal_profile": "30W",
  "theoretical_peak_flops": 2662400000000.0,
  "measurement_date": "2026-02-06T01:50:31.568183",
  "tool_version": "measure_efficiency.py v2.0 (migrated)",
  "batch_size": 1,
  "subgraphs": [
    {
      "subgraph_id": 0,
      "fusion_pattern": "Conv2d_ReLU",
      "operation_type": "conv2d",
      "flops": 173408256,
      "total_bytes": 13450752,
      "arithmetic_intensity": 12.892086330935252,
      "theoretical_peak_flops": 2662400000000.0,
      "measured_latency": {
        "mean": 1.5759635311365128,
        "std": 0.1444138717344094,
        "min": 1.4451520442962646,
        "max": 2.053663969039917,
        "ci_lower": 1.535934048160197,
        "ci_upper": 1.6159930141128285,
        "samples": 50
      },
      "achieved_flops": 110891007666.63435,
      "efficiency": {
        "mean": 0.041650769105556776,
        "std": 0.003604001536653853,
        "min": 0.0317151728199998,
        "max": 0.04506951912040833,
        "ci_lower": 0.0406517908465747,
        "ci_upper": 0.04264974736453885,
        "samples": 50
      },
      "node_names": [
        "features_0",
        "features_1"
      ],
      "source_model": "vgg11"
    },
    {
      "subgraph_id": 1,
      "fusion_pattern": "Unfused",
      "operation_type": "unfused",
      "flops": 0,
      "total_bytes": 16056320,
      "arithmetic_intensity": 0.0,
      "theoretical_peak_flops": 2662400000000.0,
      "measured_latency": {
        "mean": 0.6258988761901856,
        "std": 0.0647814396316754,
        "min": 0.5758079886436462,
        "max": 0.9365119934082031,
        "ci_lower": 0.6079423772488204,
        "ci_upper": 0.6438553751315508,
        "samples": 50
      },
      "achieved_flops": 0,
      "efficiency": {
        "mean": 0,
        "std": 0,
        "min": 0,
        "max": 0,
        "ci_lower": 0,
        "ci_upper": 0,
        "samples": 0
      },
      "node_names": [
        "features_2"
      ],
      "source_model": "vgg11"
    },
    {
      "subgraph_id": 2,
      "fusion_pattern": "Conv2d_ReLU",
      "operation_type": "conv2d",
      "flops": 1849688064,
      "total_bytes": 9781504,
      "arithmetic_intensity": 189.10057839775968,
      "theoretical_peak_flops": 2662400000000.0,
      "measured_latency": {
        "mean": 1.1224576035141944,
        "std": 0.0960321056549017,
        "min": 1.036064013838768,
        "max": 1.3856640309095383,
        "ci_lower": 1.0958388618910744,
        "ci_upper": 1.1490763451373145,
        "samples": 50
      },
      "achieved_flops": 1659129233446.7993,
      "efficiency": {
        "mean": 0.6231705353991884,
        "std": 0.05049655153574272,
        "min": 0.5013802768111046,
        "max": 0.6705614769984004,
        "ci_lower": 0.6091736054243443,
        "ci_upper": 0.6371674653740326,
        "samples": 50
      },
      "node_names": [
        "features_3",
        "features_4"
      ],
      "source_model": "vgg11"
    },
    {
      "subgraph_id": 3,
      "fusion_pattern": "Unfused",
      "operation_type": "unfused",
      "flops": 0,
      "total_bytes": 8028160,
      "arithmetic_intensity": 0.0,
      "theoretical_peak_flops": 2662400000000.0,
      "measured_latency": {
        "mean": 0.350353279709816,
        "std": 0.026229201603595525,
        "min": 0.3256320059299469,
        "max": 0.40246400237083435,
        "ci_lower": 0.3430829159527635,
        "ci_upper": 0.3576236434668685,
        "samples": 50
      },
      "achieved_flops": 0,
      "efficiency": {
        "mean": 0,
        "std": 0,
        "min": 0,
        "max": 0,
        "ci_lower": 0,
        "ci_upper": 0,
        "samples": 0
      },
      "node_names": [
        "features_5"
      ],
      "source_model": "vgg11"
    },
    {
      "subgraph_id": 4,
      "fusion_pattern": "Conv2d_ReLU",
      "operation_type": "conv2d",
      "flops": 1849688064,
      "total_bytes": 5407232,
      "arithmetic_intensity": 342.0766972824543,
      "theoretical_peak_flops": 2662400000000.0,
      "measured_latency": {
        "mean": 0.8655008007586003,
        "std": 0.08089642738103359,
        "min": 0.7962560206651688,
        "max": 1.144416019320488,
        "ci_lower": 0.8430774551076419,
        "ci_upper": 0.8879241464095586,
        "samples": 50
      },
      "achieved_flops": 2153510787042.1116,
      "efficiency": {
        "mean": 0.8088607222964661,
        "std": 0.06772024508412826,
        "min": 0.6070734799720202,
        "max": 0.8725141127400785,
        "ci_lower": 0.790089628043606,
        "ci_upper": 0.8276318165493262,
        "samples": 50
      },
      "node_names": [
        "features_6",
        "features_7"
      ],
      "source_model": "vgg11"
    },
    {
      "subgraph_id": 5,
      "fusion_pattern": "Conv2d_ReLU",
      "operation_type": "conv2d",
      "flops": 3699376128,
      "total_bytes": 7602688,
      "arithmetic_intensity": 486.58791837834195,
      "theoretical_peak_flops": 2662400000000.0,
      "measured_latency": {
        "mean": 1.1736102432012558,
        "std": 0.08814435757267279,
        "min": 1.0898559987545013,
        "max": 1.299264058470726,
        "ci_lower": 1.149177873799772,
        "ci_upper": 1.1980426126027397,
        "samples": 50
      },
      "achieved_flops": 3169164373399.178,
      "efficiency": {
        "mean": 1.1903411859221673,
        "std": 0.0869204546144719,
        "min": 1.0694432911541496,
        "max": 1.2749291946432861,
        "ci_lower": 1.1662480651125366,
        "ci_upper": 1.214434306731798,
        "samples": 50
      },
      "node_names": [
        "features_8",
        "features_9"
      ],
      "source_model": "vgg11"
    },
    {
      "subgraph_id": 6,
      "fusion_pattern": "Unfused",
      "operation_type": "unfused",
      "flops": 0,
      "total_bytes": 4014080,
      "arithmetic_intensity": 0.0,
      "theoretical_peak_flops": 2662400000000.0,
      "measured_latency": {
        "mean": 0.2171916788816452,
        "std": 0.013385347165044567,
        "min": 0.20236800611019135,
        "max": 0.23759999871253967,
        "ci_lower": 0.21348144994006105,
        "ci_upper": 0.22090190782322935,
        "samples": 50
      },
      "achieved_flops": 0,
      "efficiency": {
        "mean": 0,
        "std": 0,
        "min": 0,
        "max": 0,
        "ci_lower": 0,
        "ci_upper": 0,
        "samples": 0
      },
      "node_names": [
        "features_10"
      ],
      "source_model": "vgg11"
    },
    {
      "subgraph_id": 7,
      "fusion_pattern": "Conv2d_ReLU",
      "operation_type": "conv2d",
      "flops": 1849688064,
      "total_bytes": 4768768,
      "arithmetic_intensity": 387.8754563023406,
      "theoretical_peak_flops": 2662400000000.0,
      "measured_latency": {
        "mean": 0.9845875197649002,
        "std": 0.07871282870128544,
        "min": 0.9144639894366264,
        "max": 1.2712000012397766,
        "ci_lower": 0.9627694367880071,
        "ci_upper": 1.0064056027417934,
        "samples": 50
      },
      "achieved_flops": 1889686709558.092,
      "efficiency": {
        "mean": 0.7097681451164709,
        "std": 0.05318790452455404,
        "min": 0.546526600619135,
        "max": 0.7597287847415692,
        "ci_lower": 0.6950252101536363,
        "ci_upper": 0.7245110800793055,
        "samples": 50
      },
      "node_names": [
        "features_11",
        "features_12"
      ],
      "source_model": "vgg11"
    },
    {
      "subgraph_id": 8,
      "fusion_pattern": "Conv2d_ReLU",
      "operation_type": "conv2d",
      "flops": 3699376128,
      "total_bytes": 7930880,
      "arithmetic_intensity": 466.45216268560364,
      "theoretical_peak_flops": 2662400000000.0,
      "measured_latency": {
        "mean": 1.5762809577584267,
        "std": 0.1426008808547885,