{
  "schema_version": "2.0",
  "measurement_type": "efficiency",
  "model": "vgg11",
  "hardware_id": "jetson_orin_agx_maxn",
  "device": "cuda",
  "precision": "FP32",
  "thermal_profile": "MAXN",
  "theoretical_peak_flops": 2662400000000.0,
  "measurement_date": "2026-02-05T23:19:46.963537",
  "tool_version": "measure_efficiency.py v2.0 (migrated)",
  "batch_size": 1,
  "subgraphs": [
    {
      "subgraph_id": 0,
      "fusion_pattern": "Conv2d_ReLU",
      "operation_type": "conv2d",
      "flops": 173408256,
      "total_bytes": 13454336,
      "arithmetic_intensity": 12.88865210442195,
      "theoretical_peak_flops": 2662400000000.0,
      "measured_latency": {
        "mean": 0.8730035227537155,
        "std": 0.07370960189101934,
        "min": 0.8002240061759949,
        "max": 0.9754239618778229,
        "ci_lower": 0.8525722634941209,
        "ci_upper": 0.8934347820133102,
        "samples": 50
      },
      "achieved_flops": 200007025592.40067,
      "efficiency": {
        "mean": 0.07512283112695338,
        "std": 0.006233421869503824,
        "min": 0.06677333163614231,
        "max": 0.08139259406069732,
        "ci_lower": 0.07339501473637569,
        "ci_upper": 0.07685064751753107,
        "samples": 50
      },
      "node_names": [
        "features_0",
        "features_1"
      ],
      "source_model": "vgg11"
    },
    {
      "subgraph_id": 1,
      "fusion_pattern": "Unfused",
      "operation_type": "unfused",
      "flops": 0,
      "total_bytes": 16056320,
      "arithmetic_intensity": 0.0,
      "theoretical_peak_flops": 2662400000000.0,
      "measured_latency": {
        "mean": 0.3050393605232239,
        "std": 0.02244409029660492,
        "min": 0.2807680070400238,
        "max": 0.33289599418640137,
        "ci_lower": 0.29881817609227723,
        "ci_upper": 0.31126054495417055,
        "samples": 50
      },
      "achieved_flops": 0,
      "efficiency": {
        "mean": 0,
        "std": 0,
        "min": 0,
        "max": 0,
        "ci_lower": 0,
        "ci_upper": 0,
        "samples": 0
      },
      "node_names": [
        "features_2"
      ],
      "source_model": "vgg11"
    },
    {
      "subgraph_id": 2,
      "fusion_pattern": "Conv2d_ReLU",
      "operation_type": "conv2d",
      "flops": 1849688064,
      "total_bytes": 9929216,
      "arithmetic_intensity": 186.28742329706594,
      "theoretical_peak_flops": 2662400000000.0,
      "measured_latency": {
        "mean": 0.8426329603791237,
        "std": 0.06362511055147993,
        "min": 0.7783040255308151,
        "max": 0.9221120178699493,
        "ci_lower": 0.8249969795062432,
        "ci_upper": 0.8602689412520043,
        "samples": 50
      },
      "achieved_flops": 2207295301641.5015,
      "efficiency": {
        "mean": 0.8290622376958764,
        "std": 0.0617629701647634,
        "min": 0.7534275683657765,
        "max": 0.8926391135016796,
        "ci_lower": 0.8119424158042235,
        "ci_upper": 0.8461820595875292,
        "samples": 50
      },
      "node_names": [
        "features_3",
        "features_4"
      ],
      "source_model": "vgg11"
    },
    {
      "subgraph_id": 3,
      "fusion_pattern": "Unfused",
      "operation_type": "unfused",
      "flops": 0,
      "total_bytes": 8028160,
      "arithmetic_intensity": 0.0,
      "theoretical_peak_flops": 2662400000000.0,
      "measured_latency": {
        "mean": 0.18681279957294464,
        "std": 0.013173267361765209,
        "min": 0.1728000044822693,
        "max": 0.22444799542427063,
        "ci_lower": 0.1831613561536447,
        "ci_upper": 0.19046424299224457,
        "samples": 50
      },
      "achieved_flops": 0,
      "efficiency": {
        "mean": 0,
        "std": 0,
        "min": 0,
        "max": 0,
        "ci_lower": 0,
        "ci_upper": 0,
        "samples": 0
      },
      "node_names": [
        "features_5"
      ],
      "source_model": "vgg11"
    },
    {
      "subgraph_id": 4,
      "fusion_pattern": "Conv2d_ReLU",
      "operation_type": "conv2d",
      "flops": 1849688064,
      "total_bytes": 5997568,
      "arithmetic_intensity": 308.40635137442376,
      "theoretical_peak_flops": 2662400000000.0,
      "measured_latency": {
        "mean": 0.6235590410232544,
        "std": 0.04230750986203423,
        "min": 0.580607995390892,
        "max": 0.6802239939570427,
        "ci_lower": 0.6118319975927785,
        "ci_upper": 0.6352860844537304,
        "samples": 50
      },
      "achieved_flops": 2979584765087.162,
      "efficiency": {
        "mean": 1.1191349027520892,
        "std": 0.0748293412014686,
        "min": 1.021346823335505,
        "max": 1.1965812060801564,
        "ci_lower": 1.0983932675907393,
        "ci_upper": 1.139876537913439,
        "samples": 50
      },
      "node_names": [
        "features_6",
        "features_7"
      ],
      "source_model": "vgg11"
    },
    {
      "subgraph_id": 5,
      "fusion_pattern": "Conv2d_ReLU",
      "operation_type": "conv2d",
      "flops": 3699376128,
      "total_bytes": 8782848,
      "arithmetic_intensity": 421.20461699895066,
      "theoretical_peak_flops": 2662400000000.0,
      "measured_latency": {
        "mean": 0.9087232057750225,
        "std": 0.06357695880519772,
        "min": 0.843776024878025,
        "max": 1.0003520101308823,
        "ci_lower": 0.8911005718852603,
        "ci_upper": 0.9263458396647848,
        "samples": 50
      },
      "achieved_flops": 4090295987564.6895,
      "efficiency": {
        "mean": 1.5363191059062085,
        "std": 0.1059415258522706,
        "min": 1.3890002885958468,
        "max": 1.646751258392407,
        "ci_lower": 1.5069536131411674,
        "ci_upper": 1.5656845986712495,
        "samples": 50
      },
      "node_names": [
        "features_8",
        "features_9"
      ],
      "source_model": "vgg11"
    },
    {
      "subgraph_id": 6,
      "fusion_pattern": "Unfused",
      "operation_type": "unfused",
      "flops": 0,
      "total_bytes": 4014080,
      "arithmetic_intensity": 0.0,
      "theoretical_peak_flops": 2662400000000.0,
      "measured_latency": {
        "mean": 0.12810560017824174,
        "std": 0.0068060852704531815,
        "min": 0.12051200121641159,
        "max": 0.1366720050573349,
        "ci_lower": 0.1262190495913978,
        "ci_upper": 0.1299921507650857,
        "samples": 50
      },
      "achieved_flops": 0,
      "efficiency": {
        "mean": 0,
        "std": 0,
        "min": 0,
        "max": 0,
        "ci_lower": 0,
        "ci_upper": 0,
        "samples": 0
      },
      "node_names": [
        "features_10"
      ],
      "source_model": "vgg11"
    },
    {
      "subgraph_id": 7,
      "fusion_pattern": "Conv2d_ReLU",
      "operation_type": "conv2d",
      "flops": 1849688064,
      "total_bytes": 7129088,
      "arithmetic_intensity": 259.45647802355643,
      "theoretical_peak_flops": 2662400000000.0,
      "measured_latency": {
        "mean": 0.7413593636453152,
        "std": 0.05254456331454471,
        "min": 0.6890879794955254,
        "max": 0.814208023250103,
        "ci_lower": 0.7267947537679086,
        "ci_upper": 0.7559239735227218,
        "samples": 50
      },
      "achieved_flops": 2507136190114.415,
      "efficiency": {
        "mean": 0.9416827637148495,
        "std": 0.06565915188105502,
        "min": 0.853276552853629,
        "max": 1.008208873260612,
        "ci_lower": 0.9234829753503653,
        "ci_upper": 0.9598825520793337,
        "samples": 50
      },
      "node_names": [
        "features_11",
        "features_12"
      ],
      "source_model": "vgg11"
    },
    {
      "subgraph_id": 8,
      "fusion_pattern": "Conv2d_ReLU",
      "operation_type": "conv2d",
      "flops": 3699376128,
      "total_bytes": 12650496,
      "arithmetic_intensity": 292.4293346284604,
      "theoretical_peak_flops": 2662400000000.0,
      "measured_latency": {
        "mean": 1.2286470428854228,