{
  "schema_version": "1.0",
  "measurement_type": "efficiency",
  "model": "vgg11",
  "hardware_id": "i7-12700K",
  "device": "cpu",
  "precision": "FP32",
  "thermal_profile": null,
  "theoretical_peak_flops": 720000000000.0,
  "measurement_date": "2026-02-04T18:47:22.842993",
  "tool_version": "measure_efficiency.py v1.0",
  "subgraphs": [
    {
      "subgraph_id": 0,
      "fusion_pattern": "Conv2d_ReLU",
      "operation_type": "conv2d",
      "flops": 173408256,
      "total_bytes": 13454336,
      "arithmetic_intensity": 12.88865210442195,
      "theoretical_peak_flops": 720000000000.0,
      "measured_latency": {
        "mean": 1.291375127620995,
        "std": 0.011540676200990476,
        "min": 1.2741219252347946,
        "max": 1.3247828464955091,
        "ci_lower": 1.2881762153837253,
        "ci_upper": 1.2945740398582648,
        "samples": 50
      },
      "achieved_flops": 134292284273.01932,
      "efficiency": {
        "mean": 0.18651706149030461,
        "std": 0.0016530262447052293,
        "min": 0.18179945538781284,
        "max": 0.18902806335085806,
        "ci_lower": 0.18605886599199734,
        "ci_upper": 0.1869752569886119,
        "samples": 50
      },
      "node_names": [
        "features_0",
        "features_1"
      ],
      "source_model": "vgg11"
    },
    {
      "subgraph_id": 1,
      "fusion_pattern": "Unfused",
      "operation_type": "unfused",
      "flops": 0,
      "total_bytes": 16056320,
      "arithmetic_intensity": 0.0,
      "theoretical_peak_flops": 720000000000.0,
      "measured_latency": {
        "mean": 2.2150642052292824,
        "std": 0.022475698972308705,
        "min": 2.1361580584198236,
        "max": 2.2590679582208395,
        "ci_lower": 2.2088342593204335,
        "ci_upper": 2.2212941511381312,
        "samples": 50
      },
      "achieved_flops": 0,
      "efficiency": {
        "mean": 0,
        "std": 0,
        "min": 0,
        "max": 0,
        "ci_lower": 0,
        "ci_upper": 0,
        "samples": 0
      },
      "node_names": [
        "features_2"
      ],
      "source_model": "vgg11"
    },
    {
      "subgraph_id": 2,
      "fusion_pattern": "Conv2d_ReLU",
      "operation_type": "conv2d",
      "flops": 1849688064,
      "total_bytes": 9929216,
      "arithmetic_intensity": 186.28742329706594,
      "theoretical_peak_flops": 720000000000.0,
      "measured_latency": {
        "mean": 4.061920414678752,
        "std": 0.01615807134248281,
        "min": 4.035483114421368,
        "max": 4.129999782890081,
        "ci_lower": 4.057441625806423,
        "ci_upper": 4.066399203551081,
        "samples": 50
      },
      "achieved_flops": 455379809878.4114,
      "efficiency": {
        "mean": 0.6324719581644602,
        "std": 0.002498273846971245,
        "min": 0.622036642869328,
        "max": 0.636605612552132,
        "ci_lower": 0.6317794719841061,
        "ci_upper": 0.6331644443448143,
        "samples": 50
      },
      "node_names": [
        "features_3",
        "features_4"
      ],
      "source_model": "vgg11"
    },
    {
      "subgraph_id": 3,
      "fusion_pattern": "Unfused",
      "operation_type": "unfused",
      "flops": 0,
      "total_bytes": 8028160,
      "arithmetic_intensity": 0.0,
      "theoretical_peak_flops": 720000000000.0,
      "measured_latency": {
        "mean": 1.029333514161408,
        "std": 0.019739789522152985,
        "min": 0.9781739208847284,
        "max": 1.0476561728864908,
        "ci_lower": 1.0238619236615265,
        "ci_upper": 1.0348051046612894,
        "samples": 50
      },
      "achieved_flops": 0,
      "efficiency": {
        "mean": 0,
        "std": 0,
        "min": 0,
        "max": 0,
        "ci_lower": 0,
        "ci_upper": 0,
        "samples": 0
      },
      "node_names": [
        "features_5"
      ],
      "source_model": "vgg11"
    },
    {
      "subgraph_id": 4,
      "fusion_pattern": "Conv2d_ReLU",
      "operation_type": "conv2d",
      "flops": 1849688064,
      "total_bytes": 5997568,
      "arithmetic_intensity": 308.40635137442376,
      "theoretical_peak_flops": 720000000000.0,
      "measured_latency": {
        "mean": 3.343179216608405,
        "std": 0.027863377674371817,
        "min": 3.3299399074167013,
        "max": 3.532875096425414,
        "ci_lower": 3.3354558823546836,
        "ci_upper": 3.3509025508621266,
        "samples": 50
      },
      "achieved_flops": 553307936295.1289,
      "efficiency": {
        "mean": 0.7684832448543456,
        "std": 0.006080004664767302,
        "min": 0.7271729483443505,
        "max": 0.7714887569827006,
        "ci_lower": 0.7667979535433294,
        "ci_upper": 0.7701685361653619,
        "samples": 50
      },
      "node_names": [
        "features_6",
        "features_7"
      ],
      "source_model": "vgg11"
    },
    {
      "subgraph_id": 5,
      "fusion_pattern": "Conv2d_ReLU",
      "operation_type": "conv2d",
      "flops": 3699376128,
      "total_bytes": 8782848,
      "arithmetic_intensity": 421.20461699895066,
      "theoretical_peak_flops": 720000000000.0,
      "measured_latency": {
        "mean": 6.360637843608856,
        "std": 0.011241065800966402,
        "min": 6.347773130983114,
        "max": 6.415611831471324,
        "ci_lower": 6.35752197913745,
        "ci_upper": 6.363753708080262,
        "samples": 50
      },
      "achieved_flops": 581606354092.2976,
      "efficiency": {
        "mean": 0.8077866029059689,
        "std": 0.001419367007085809,
        "min": 0.800862417329521,
        "max": 0.8094212401702905,
        "ci_lower": 0.8073931744439734,
        "ci_upper": 0.8081800313679645,
        "samples": 50
      },
      "node_names": [
        "features_8",
        "features_9"
      ],
      "source_model": "vgg11"
    },
    {
      "subgraph_id": 6,
      "fusion_pattern": "Unfused",
      "operation_type": "unfused",
      "flops": 0,
      "total_bytes": 4014080,
      "arithmetic_intensity": 0.0,
      "theoretical_peak_flops": 720000000000.0,
      "measured_latency": {
        "mean": 0.4661901015788317,
        "std": 0.003316684975529767,
        "min": 0.45897113159298897,
        "max": 0.47920597717165947,
        "ci_lower": 0.46527076340742707,
        "ci_upper": 0.4671094397502363,
        "samples": 50
      },
      "achieved_flops": 0,
      "efficiency": {
        "mean": 0,
        "std": 0,
        "min": 0,
        "max": 0,
        "ci_lower": 0,
        "ci_upper": 0,
        "samples": 0
      },
      "node_names": [
        "features_10"
      ],
      "source_model": "vgg11"
    },
    {
      "subgraph_id": 7,
      "fusion_pattern": "Conv2d_ReLU",
      "operation_type": "conv2d",
      "flops": 1849688064,
      "total_bytes": 7129088,
      "arithmetic_intensity": 259.45647802355643,
      "theoretical_peak_flops": 720000000000.0,
      "measured_latency": {
        "mean": 3.339702938683331,
        "std": 0.012525088648875462,
        "min": 3.3238588366657495,
        "max": 3.3930139616131783,
        "ci_lower": 3.3362311612368467,
        "ci_upper": 3.3431747161298153,
        "samples": 50
      },
      "achieved_flops": 553855657610.6868,
      "efficiency": {
        "mean": 0.7692439689037317,
        "std": 0.002863180997426725,
        "min": 0.7571472528744286,
        "max": 0.7729002121453037,
        "ci_lower": 0.7684503356217061,
        "ci_upper": 0.7700376021857573,
        "samples": 50
      },
      "node_names": [
        "features_11",
        "features_12"
      ],
      "source_model": "vgg11"
    },
    {
      "subgraph_id": 8,
      "fusion_pattern": "Conv2d_ReLU",
      "operation_type": "conv2d",
      "flops": 3699376128,
      "total_bytes": 12650496,
      "arithmetic_intensity": 292.4293346284604,
      "theoretical_peak_flops": 720000000000.0,
      "measured_latency": {
        "mean": 6.46041352301836,
        "std": 0.014665732290914037,
        "min": 6.446439074352384,