{
  "schema_version": "2.0",
  "measurement_type": "efficiency",
  "model": "vgg11",
  "hardware_id": "ryzen_9_8945hs",
  "device": "cpu",
  "precision": "FP32",
  "thermal_profile": null,
  "theoretical_peak_flops": 1500000000000.0,
  "measurement_date": "2026-02-05T16:48:12.011136",
  "tool_version": "measure_efficiency.py v2.0 (migrated)",
  "batch_size": 1,
  "subgraphs": [
    {
      "subgraph_id": 0,
      "fusion_pattern": "Conv2d_ReLU",
      "operation_type": "conv2d",
      "flops": 173408256,
      "total_bytes": 13454336,
      "arithmetic_intensity": 12.88865210442195,
      "theoretical_peak_flops": 1500000000000.0,
      "measured_latency": {
        "mean": 1.4634119672700763,
        "std": 0.12092540725006787,
        "min": 1.2758998200297356,
        "max": 2.016599988564849,
        "ci_lower": 1.4298931544802433,
        "ci_upper": 1.4969307800599092,
        "samples": 50
      },
      "achieved_flops": 119189087567.36255,
      "efficiency": {
        "mean": 0.07945939171157503,
        "std": 0.005774410393914504,
        "min": 0.057326938736260144,
        "max": 0.09060703840941504,
        "ci_lower": 0.07785880681079374,
        "ci_upper": 0.08105997661235631,
        "samples": 50
      },
      "node_names": [
        "features_0",
        "features_1"
      ],
      "source_model": "vgg11"
    },
    {
      "subgraph_id": 1,
      "fusion_pattern": "Unfused",
      "operation_type": "unfused",
      "flops": 0,
      "total_bytes": 16056320,
      "arithmetic_intensity": 0.0,
      "theoretical_peak_flops": 1500000000000.0,
      "measured_latency": {
        "mean": 3.049442027695477,
        "std": 0.19676022630188322,
        "min": 2.907400019466877,
        "max": 4.334399942308664,
        "ci_lower": 2.9949028755034193,
        "ci_upper": 3.1039811798875347,
        "samples": 50
      },
      "achieved_flops": 0,
      "efficiency": {
        "mean": 0,
        "std": 0,
        "min": 0,
        "max": 0,
        "ci_lower": 0,
        "ci_upper": 0,
        "samples": 0
      },
      "node_names": [
        "features_2"
      ],
      "source_model": "vgg11"
    },
    {
      "subgraph_id": 2,
      "fusion_pattern": "Conv2d_ReLU",
      "operation_type": "conv2d",
      "flops": 1849688064,
      "total_bytes": 9929216,
      "arithmetic_intensity": 186.28742329706594,
      "theoretical_peak_flops": 1500000000000.0,
      "measured_latency": {
        "mean": 3.5808319924399257,
        "std": 0.4051820028822901,
        "min": 2.1305999252945185,
        "max": 4.307599971070886,
        "ci_lower": 3.468521271233622,
        "ci_upper": 3.693142713646229,
        "samples": 50
      },
      "achieved_flops": 525467813221.91644,
      "efficiency": {
        "mean": 0.3503118754812776,
        "std": 0.054748667762314726,
        "min": 0.28626738422357273,
        "max": 0.5787690881616556,
        "ci_lower": 0.3351363190208981,
        "ci_upper": 0.36548743194165717,
        "samples": 50
      },
      "node_names": [
        "features_3",
        "features_4"
      ],
      "source_model": "vgg11"
    },
    {
      "subgraph_id": 3,
      "fusion_pattern": "Unfused",
      "operation_type": "unfused",
      "flops": 0,
      "total_bytes": 8028160,
      "arithmetic_intensity": 0.0,
      "theoretical_peak_flops": 1500000000000.0,
      "measured_latency": {
        "mean": 1.4003560179844499,
        "std": 0.12725794294325182,
        "min": 1.0808000806719065,
        "max": 1.9346000626683235,
        "ci_lower": 1.3650819158537604,
        "ci_upper": 1.4356301201151394,
        "samples": 50
      },
      "achieved_flops": 0,
      "efficiency": {
        "mean": 0,
        "std": 0,
        "min": 0,
        "max": 0,
        "ci_lower": 0,
        "ci_upper": 0,
        "samples": 0
      },
      "node_names": [
        "features_5"
      ],
      "source_model": "vgg11"
    },
    {
      "subgraph_id": 4,
      "fusion_pattern": "Conv2d_ReLU",
      "operation_type": "conv2d",
      "flops": 1849688064,
      "total_bytes": 5997568,
      "arithmetic_intensity": 308.40635137442376,
      "theoretical_peak_flops": 1500000000000.0,
      "measured_latency": {
        "mean": 3.2939760014414787,
        "std": 0.4683543987300089,
        "min": 1.7617999110370874,
        "max": 3.714099992066622,
        "ci_lower": 3.164154785475988,
        "ci_upper": 3.4237972174069693,
        "samples": 50
      },
      "achieved_flops": 579159753766.4811,
      "efficiency": {
        "mean": 0.3861065025109874,
        "std": 0.0857635714307616,
        "min": 0.33201189484235105,
        "max": 0.6999236225832921,
        "ci_lower": 0.36233405335949975,
        "ci_upper": 0.409878951662475,
        "samples": 50
      },
      "node_names": [
        "features_6",
        "features_7"
      ],
      "source_model": "vgg11"
    },
    {
      "subgraph_id": 5,
      "fusion_pattern": "Conv2d_ReLU",
      "operation_type": "conv2d",
      "flops": 3699376128,
      "total_bytes": 8782848,
      "arithmetic_intensity": 421.20461699895066,
      "theoretical_peak_flops": 1500000000000.0,
      "measured_latency": {
        "mean": 6.147088003344834,
        "std": 0.9567555849379984,
        "min": 3.2915999181568623,
        "max": 7.75530026294291,
        "ci_lower": 5.881888885422112,
        "ci_upper": 6.412287121267556,
        "samples": 50
      },
      "achieved_flops": 623778066478.612,
      "efficiency": {
        "mean": 0.41585204431907474,
        "std": 0.09784832834781367,
        "min": 0.3180084159712638,
        "max": 0.7492559282177227,
        "ci_lower": 0.388729871450092,
        "ci_upper": 0.44297421718805746,
        "samples": 50
      },
      "node_names": [
        "features_8",
        "features_9"
      ],
      "source_model": "vgg11"
    },
    {
      "subgraph_id": 6,
      "fusion_pattern": "Unfused",
      "operation_type": "unfused",
      "flops": 0,
      "total_bytes": 4014080,
      "arithmetic_intensity": 0.0,
      "theoretical_peak_flops": 1500000000000.0,
      "measured_latency": {
        "mean": 0.6908379960805178,
        "std": 0.057707737314054694,
        "min": 0.5280999466776848,
        "max": 0.8527000900357962,
        "ci_lower": 0.6748422273868914,
        "ci_upper": 0.7068337647741442,
        "samples": 50
      },
      "achieved_flops": 0,
      "efficiency": {
        "mean": 0,
        "std": 0,
        "min": 0,
        "max": 0,
        "ci_lower": 0,
        "ci_upper": 0,
        "samples": 0
      },
      "node_names": [
        "features_10"
      ],
      "source_model": "vgg11"
    },
    {
      "subgraph_id": 7,
      "fusion_pattern": "Conv2d_ReLU",
      "operation_type": "conv2d",
      "flops": 1849688064,
      "total_bytes": 7129088,
      "arithmetic_intensity": 259.45647802355643,
      "theoretical_peak_flops": 1500000000000.0,
      "measured_latency": {
        "mean": 3.2606739969924092,
        "std": 0.5101254430025302,
        "min": 1.8090999219566584,
        "max": 3.616700181737542,
        "ci_lower": 3.11927443827128,
        "ci_upper": 3.4020735557135384,
        "samples": 50
      },
      "achieved_flops": 588758539416.4928,
      "efficiency": {
        "mean": 0.3925056929443286,
        "std": 0.09419641353626076,
        "min": 0.34095316560290034,
        "max": 0.6816236964215306,
        "ci_lower": 0.3663957792165512,
        "ci_upper": 0.41861560667210596,
        "samples": 50
      },
      "node_names": [
        "features_11",
        "features_12"
      ],
      "source_model": "vgg11"
    },
    {
      "subgraph_id": 8,
      "fusion_pattern": "Conv2d_ReLU",
      "operation_type": "conv2d",
      "flops": 3699376128,
      "total_bytes": 12650496,
      "arithmetic_intensity": 292.4293346284604,
      "theoretical_peak_flops": 1500000000000.0,
      "measured_latency": {
        "mean": 6.343209999613464,
        "std": 0.906773152148041,