{
  "schema_version": "1.0",
  "measurement_type": "efficiency",
  "model": "vgg11",
  "hardware_id": "jetson_orin_agx_maxn",
  "device": "cuda",
  "precision": "FP16",
  "thermal_profile": "MAXN",
  "theoretical_peak_flops": 2662400000000.0,
  "measurement_date": "2026-02-06T00:44:43.502828",
  "tool_version": "measure_efficiency.py v1.0",
  "subgraphs": [
    {
      "subgraph_id": 0,
      "fusion_pattern": "Conv2d_ReLU",
      "operation_type": "conv2d",
      "flops": 173408256,
      "total_bytes": 13450752,
      "arithmetic_intensity": 12.892086330935252,
      "theoretical_peak_flops": 2662400000000.0,
      "measured_latency": {
        "mean": 1.0167129629850387,
        "std": 0.060230312760468,
        "min": 0.9895680248737335,
        "max": 1.4257600456476212,
        "ci_lower": 1.0000179720513604,
        "ci_upper": 1.0334079539187169,
        "samples": 50
      },
      "achieved_flops": 170986106648.00168,
      "efficiency": {
        "mean": 0.06422254606670737,
        "std": 0.002779061918308138,
        "min": 0.045682517118596014,
        "max": 0.0658189291237643,
        "ci_lower": 0.06345222940382036,
        "ci_upper": 0.06499286272959437,
        "samples": 50
      },
      "node_names": [
        "features_0",
        "features_1"
      ],
      "source_model": "vgg11"
    },
    {
      "subgraph_id": 1,
      "fusion_pattern": "Unfused",
      "operation_type": "unfused",
      "flops": 0,
      "total_bytes": 16056320,
      "arithmetic_intensity": 0.0,
      "theoretical_peak_flops": 2662400000000.0,
      "measured_latency": {
        "mean": 0.38055808007717135,
        "std": 0.008088533684105947,
        "min": 0.3734079897403717,
        "max": 0.41679999232292175,
        "ci_lower": 0.3783160529261596,
        "ci_upper": 0.3828001072281831,
        "samples": 50
      },
      "achieved_flops": 0,
      "efficiency": {
        "mean": 0,
        "std": 0,
        "min": 0,
        "max": 0,
        "ci_lower": 0,
        "ci_upper": 0,
        "samples": 0
      },
      "node_names": [
        "features_2"
      ],
      "source_model": "vgg11"
    },
    {
      "subgraph_id": 2,
      "fusion_pattern": "Conv2d_ReLU",
      "operation_type": "conv2d",
      "flops": 1849688064,
      "total_bytes": 9781504,
      "arithmetic_intensity": 189.10057839775968,
      "theoretical_peak_flops": 2662400000000.0,
      "measured_latency": {
        "mean": 0.7523731170594692,
        "std": 0.0560868193961479,
        "min": 0.7305600196123123,
        "max": 1.1306560188531876,
        "ci_lower": 0.7368266438900303,
        "ci_upper": 0.7679195902289081,
        "samples": 50
      },
      "achieved_flops": 2467696404551.117,
      "efficiency": {
        "mean": 0.926869142334404,
        "std": 0.04766122192542307,
        "min": 0.61446151950731,
        "max": 0.950975411648309,
        "ci_lower": 0.9136581256309474,
        "ci_upper": 0.9400801590378606,
        "samples": 50
      },
      "node_names": [
        "features_3",
        "features_4"
      ],
      "source_model": "vgg11"
    },
    {
      "subgraph_id": 3,
      "fusion_pattern": "Unfused",
      "operation_type": "unfused",
      "flops": 0,
      "total_bytes": 8028160,
      "arithmetic_intensity": 0.0,
      "theoretical_peak_flops": 2662400000000.0,
      "measured_latency": {
        "mean": 0.2297798389196396,
        "std": 0.06051185854344412,
        "min": 0.21689599752426147,
        "max": 0.6483839750289917,
        "ci_lower": 0.21300680747647757,
        "ci_upper": 0.24655287036280163,
        "samples": 50
      },
      "achieved_flops": 0,
      "efficiency": {
        "mean": 0,
        "std": 0,
        "min": 0,
        "max": 0,
        "ci_lower": 0,
        "ci_upper": 0,
        "samples": 0
      },
      "node_names": [
        "features_5"
      ],
      "source_model": "vgg11"
    },
    {
      "subgraph_id": 4,
      "fusion_pattern": "Conv2d_ReLU",
      "operation_type": "conv2d",
      "flops": 1849688064,
      "total_bytes": 5407232,
      "arithmetic_intensity": 342.0766972824543,
      "theoretical_peak_flops": 2662400000000.0,
      "measured_latency": {
        "mean": 0.5799654379487038,
        "std": 0.013495936859202265,
        "min": 0.5091519951820374,
        "max": 0.6112959757447243,
        "ci_lower": 0.5762245551078337,
        "ci_upper": 0.583706320789574,
        "samples": 50
      },
      "achieved_flops": 3191108481982.2163,
      "efficiency": {
        "mean": 1.1985834142060607,
        "std": 0.029753928712368923,
        "min": 1.1365110240390965,
        "max": 1.3645131944071494,
        "ci_lower": 1.1903360459403536,
        "ci_upper": 1.206830782471768,
        "samples": 50
      },
      "node_names": [
        "features_6",
        "features_7"
      ],
      "source_model": "vgg11"
    },
    {
      "subgraph_id": 5,
      "fusion_pattern": "Conv2d_ReLU",
      "operation_type": "conv2d",
      "flops": 3699376128,
      "total_bytes": 7602688,
      "arithmetic_intensity": 486.58791837834195,
      "theoretical_peak_flops": 2662400000000.0,
      "measured_latency": {
        "mean": 0.7852473635971546,
        "std": 0.02234297312674412,
        "min": 0.7698560208082199,
        "max": 0.9177920073270798,
        "ci_lower": 0.7790542074157171,
        "ci_upper": 0.7914405197785922,
        "samples": 50
      },
      "achieved_flops": 4714431336426.366,
      "efficiency": {
        "mean": 1.7707449430687974,
        "std": 0.045003832408137434,
        "min": 1.5139478440391876,
        "max": 1.8048689536914966,
        "ci_lower": 1.758270517159328,
        "ci_upper": 1.7832193689782667,
        "samples": 50
      },
      "node_names": [
        "features_8",
        "features_9"
      ],
      "source_model": "vgg11"
    },
    {
      "subgraph_id": 6,
      "fusion_pattern": "Unfused",
      "operation_type": "unfused",
      "flops": 0,
      "total_bytes": 4014080,
      "arithmetic_intensity": 0.0,
      "theoretical_peak_flops": 2662400000000.0,
      "measured_latency": {
        "mean": 0.14509375959634782,
        "std": 0.010354259395714605,
        "min": 0.08262400329113007,
        "max": 0.17632000148296356,
        "ci_lower": 0.14222370531946107,
        "ci_upper": 0.14796381387323457,
        "samples": 50
      },
      "achieved_flops": 0,
      "efficiency": {
        "mean": 0,
        "std": 0,
        "min": 0,
        "max": 0,
        "ci_lower": 0,
        "ci_upper": 0,
        "samples": 0
      },
      "node_names": [
        "features_10"
      ],
      "source_model": "vgg11"
    },
    {
      "subgraph_id": 7,
      "fusion_pattern": "Conv2d_ReLU",
      "operation_type": "conv2d",
      "flops": 1849688064,
      "total_bytes": 4768768,
      "arithmetic_intensity": 387.8754563023406,
      "theoretical_peak_flops": 2662400000000.0,
      "measured_latency": {
        "mean": 0.6606111996993422,
        "std": 0.05944361487607334,
        "min": 0.5716479923576117,
        "max": 1.0617600232362747,
        "ci_lower": 0.6441342702939139,
        "ci_upper": 0.6770881291047706,
        "samples": 50
      },
      "achieved_flops": 2814545236140.6826,
      "efficiency": {
        "mean": 1.0571458969879368,
        "std": 0.06297711405444893,
        "min": 0.6543329944435221,
        "max": 1.215336403998069,
        "ci_lower": 1.0396895315802126,
        "ci_upper": 1.074602262395661,
        "samples": 50
      },
      "node_names": [
        "features_11",
        "features_12"
      ],
      "source_model": "vgg11"
    },
    {
      "subgraph_id": 8,
      "fusion_pattern": "Conv2d_ReLU",
      "operation_type": "conv2d",
      "flops": 3699376128,
      "total_bytes": 7930880,
      "arithmetic_intensity": 466.45216268560364,
      "theoretical_peak_flops": 2662400000000.0,
      "measured_latency": {
        "mean": 1.1017036777362228,
        "std": 0.015075417405808422,