{
  "schema_version": "2.0",
  "measurement_type": "efficiency",
  "model": "vgg11",
  "hardware_id": "jetson_orin_agx_maxn",
  "device": "cuda",
  "precision": "BF16",
  "thermal_profile": "MAXN",
  "theoretical_peak_flops": 2662400000000.0,
  "measurement_date": "2026-02-06T00:50:12.216412",
  "tool_version": "measure_efficiency.py v2.0 (migrated)",
  "batch_size": 1,
  "subgraphs": [
    {
      "subgraph_id": 0,
      "fusion_pattern": "Conv2d_ReLU",
      "operation_type": "conv2d",
      "flops": 173408256,
      "total_bytes": 13450752,
      "arithmetic_intensity": 12.892086330935252,
      "theoretical_peak_flops": 2662400000000.0,
      "measured_latency": {
        "mean": 1.1282918393611907,
        "std": 0.06220218770352473,
        "min": 1.0958079993724823,
        "max": 1.543904036283493,
        "ci_lower": 1.1110502725791087,
        "ci_upper": 1.1455334061432727,
        "samples": 50
      },
      "achieved_flops": 154036784496.5769,
      "efficiency": {
        "mean": 0.057856364369207075,
        "std": 0.0024138226795386106,
        "min": 0.04218675912597203,
        "max": 0.059437700518344364,
        "ci_lower": 0.05718728685817589,
        "ci_upper": 0.05852544188023826,
        "samples": 50
      },
      "node_names": [
        "features_0",
        "features_1"
      ],
      "source_model": "vgg11"
    },
    {
      "subgraph_id": 1,
      "fusion_pattern": "Unfused",
      "operation_type": "unfused",
      "flops": 0,
      "total_bytes": 16056320,
      "arithmetic_intensity": 0.0,
      "theoretical_peak_flops": 2662400000000.0,
      "measured_latency": {
        "mean": 0.3804326385259628,
        "std": 0.008117152407047416,
        "min": 0.37251201272010803,
        "max": 0.4211519956588745,
        "ci_lower": 0.3781826786696712,
        "ci_upper": 0.38268259838225444,
        "samples": 50
      },
      "achieved_flops": 0,
      "efficiency": {
        "mean": 0,
        "std": 0,
        "min": 0,
        "max": 0,
        "ci_lower": 0,
        "ci_upper": 0,
        "samples": 0
      },
      "node_names": [
        "features_2"
      ],
      "source_model": "vgg11"
    },
    {
      "subgraph_id": 2,
      "fusion_pattern": "Conv2d_ReLU",
      "operation_type": "conv2d",
      "flops": 1849688064,
      "total_bytes": 9781504,
      "arithmetic_intensity": 189.10057839775968,
      "theoretical_peak_flops": 2662400000000.0,
      "measured_latency": {
        "mean": 0.7559904013574124,
        "std": 0.05866210034993348,
        "min": 0.7325760275125504,
        "max": 1.1568639501929283,
        "ci_lower": 0.7397300967266276,
        "ci_upper": 0.7722507059881971,
        "samples": 50
      },
      "achieved_flops": 2456387123780.9424,
      "efficiency": {
        "mean": 0.9226213656028178,
        "std": 0.04797329308261538,
        "min": 0.6005413300922324,
        "max": 0.9483583809636921,
        "ci_lower": 0.9093238471878275,
        "ci_upper": 0.9359188840178081,
        "samples": 50
      },
      "node_names": [
        "features_3",
        "features_4"
      ],
      "source_model": "vgg11"
    },
    {
      "subgraph_id": 3,
      "fusion_pattern": "Unfused",
      "operation_type": "unfused",
      "flops": 0,
      "total_bytes": 8028160,
      "arithmetic_intensity": 0.0,
      "theoretical_peak_flops": 2662400000000.0,
      "measured_latency": {
        "mean": 0.22373055934906005,
        "std": 0.0040588941478595045,
        "min": 0.21939200162887573,
        "max": 0.23916800320148468,
        "ci_lower": 0.2226054912912407,
        "ci_upper": 0.22485562740687942,
        "samples": 50
      },
      "achieved_flops": 0,
      "efficiency": {
        "mean": 0,
        "std": 0,
        "min": 0,
        "max": 0,
        "ci_lower": 0,
        "ci_upper": 0,
        "samples": 0
      },
      "node_names": [
        "features_5"
      ],
      "source_model": "vgg11"
    },
    {
      "subgraph_id": 4,
      "fusion_pattern": "Conv2d_ReLU",
      "operation_type": "conv2d",
      "flops": 1849688064,
      "total_bytes": 5407232,
      "arithmetic_intensity": 342.0766972824543,
      "theoretical_peak_flops": 2662400000000.0,
      "measured_latency": {
        "mean": 0.5953964792191982,
        "std": 0.055467391938603915,
        "min": 0.5773120149970055,
        "max": 0.9740800186991692,
        "ci_lower": 0.5800217025811869,
        "ci_upper": 0.6107712558572096,
        "samples": 50
      },
      "achieved_flops": 3123318305974.2817,
      "efficiency": {
        "mean": 1.173121358914619,
        "std": 0.06893351708724221,
        "min": 0.7132315641916247,
        "max": 1.2034127080972306,
        "ci_lower": 1.1540139628203154,
        "ci_upper": 1.1922287550089226,
        "samples": 50
      },
      "node_names": [
        "features_6",
        "features_7"
      ],
      "source_model": "vgg11"
    },
    {
      "subgraph_id": 5,
      "fusion_pattern": "Conv2d_ReLU",
      "operation_type": "conv2d",
      "flops": 3699376128,
      "total_bytes": 7602688,
      "arithmetic_intensity": 486.58791837834195,
      "theoretical_peak_flops": 2662400000000.0,
      "measured_latency": {
        "mean": 0.7897964757680893,
        "std": 0.012729992736875272,
        "min": 0.7736639678478241,
        "max": 0.8484800010919571,
        "ci_lower": 0.7862679018061189,
        "ci_upper": 0.7933250497300597,
        "samples": 50
      },
      "achieved_flops": 4685114851083.096,
      "efficiency": {
        "mean": 1.7597336429849366,
        "std": 0.027443972153427823,
        "min": 1.637621663422848,
        "max": 1.7959854517129799,
        "ci_lower": 1.7521265620104822,
        "ci_upper": 1.767340723959391,
        "samples": 50
      },
      "node_names": [
        "features_8",
        "features_9"
      ],
      "source_model": "vgg11"
    },
    {
      "subgraph_id": 6,
      "fusion_pattern": "Unfused",
      "operation_type": "unfused",
      "flops": 0,
      "total_bytes": 4014080,
      "arithmetic_intensity": 0.0,
      "theoretical_peak_flops": 2662400000000.0,
      "measured_latency": {
        "mean": 0.14538368076086045,
        "std": 0.008997980949060895,
        "min": 0.08463999629020691,
        "max": 0.15299199521541595,
        "ci_lower": 0.14288956768920166,
        "ci_upper": 0.14787779383251923,
        "samples": 50
      },
      "achieved_flops": 0,
      "efficiency": {
        "mean": 0,
        "std": 0,
        "min": 0,
        "max": 0,
        "ci_lower": 0,
        "ci_upper": 0,
        "samples": 0
      },
      "node_names": [
        "features_10"
      ],
      "source_model": "vgg11"
    },
    {
      "subgraph_id": 7,
      "fusion_pattern": "Conv2d_ReLU",
      "operation_type": "conv2d",
      "flops": 1849688064,
      "total_bytes": 4768768,
      "arithmetic_intensity": 387.8754563023406,
      "theoretical_peak_flops": 2662400000000.0,
      "measured_latency": {
        "mean": 0.6617779219150544,
        "std": 0.007873531326717044,
        "min": 0.6508800163865089,
        "max": 0.6836480125784874,
        "ci_lower": 0.6595954903769958,
        "ci_upper": 0.6639603534531129,
        "samples": 50
      },
      "achieved_flops": 2795410963695.263,
      "efficiency": {
        "mean": 1.0499590458590984,
        "std": 0.012325993876194903,
        "min": 1.0162314562493575,
        "max": 1.0673927573343387,
        "ci_lower": 1.0465424546680477,
        "ci_upper": 1.053375637050149,
        "samples": 50
      },
      "node_names": [
        "features_11",
        "features_12"
      ],
      "source_model": "vgg11"
    },
    {
      "subgraph_id": 8,
      "fusion_pattern": "Conv2d_ReLU",
      "operation_type": "conv2d",
      "flops": 3699376128,
      "total_bytes": 7930880,
      "arithmetic_intensity": 466.45216268560364,
      "theoretical_peak_flops": 2662400000000.0,
      "measured_latency": {
        "mean": 1.109761920273304,