{
  "schema_version": "1.0",
  "measurement_type": "efficiency",
  "model": "vgg11",
  "hardware_id": "jetson_orin_agx_30w",
  "device": "cuda",
  "precision": "FP32",
  "thermal_profile": "30W",
  "theoretical_peak_flops": 2662400000000.0,
  "measurement_date": "2026-02-05T03:05:57.538797",
  "tool_version": "measure_efficiency.py v1.0",
  "subgraphs": [
    {
      "subgraph_id": 0,
      "fusion_pattern": "Conv2d_ReLU",
      "operation_type": "conv2d",
      "flops": 173408256,
      "total_bytes": 13454336,
      "arithmetic_intensity": 12.88865210442195,
      "theoretical_peak_flops": 2662400000000.0,
      "measured_latency": {
        "mean": 1.4689465546607972,
        "std": 0.06529355804046777,
        "min": 1.4169919788837433,
        "max": 1.7933120131492615,
        "ci_lower": 1.450848103738778,
        "ci_upper": 1.4870450055828164,
        "samples": 50
      },
      "achieved_flops": 118247050829.66905,
      "efficiency": {
        "mean": 0.04441370599071103,
        "std": 0.0017092750799443152,
        "min": 0.0363195624714117,
        "max": 0.04596519152043235,
        "ci_lower": 0.04393991911073385,
        "ci_upper": 0.04488749287068822,
        "samples": 50
      },
      "node_names": [
        "features_0",
        "features_1"
      ],
      "source_model": "vgg11"
    },
    {
      "subgraph_id": 1,
      "fusion_pattern": "Unfused",
      "operation_type": "unfused",
      "flops": 0,
      "total_bytes": 16056320,
      "arithmetic_intensity": 0.0,
      "theoretical_peak_flops": 2662400000000.0,
      "measured_latency": {
        "mean": 0.5769023942947388,
        "std": 0.006940845455978638,
        "min": 0.5642240047454834,
        "max": 0.5848000049591064,
        "ci_lower": 0.5749784900902154,
        "ci_upper": 0.5788262984992621,
        "samples": 50
      },
      "achieved_flops": 0,
      "efficiency": {
        "mean": 0,
        "std": 0,
        "min": 0,
        "max": 0,
        "ci_lower": 0,
        "ci_upper": 0,
        "samples": 0
      },
      "node_names": [
        "features_2"
      ],
      "source_model": "vgg11"
    },
    {
      "subgraph_id": 2,
      "fusion_pattern": "Conv2d_ReLU",
      "operation_type": "conv2d",
      "flops": 1849688064,
      "total_bytes": 9929216,
      "arithmetic_intensity": 186.28742329706594,
      "theoretical_peak_flops": 2662400000000.0,
      "measured_latency": {
        "mean": 1.413848963677883,
        "std": 0.01865148016634829,
        "min": 1.3818880468606949,
        "max": 1.4467200487852097,
        "ci_lower": 1.408679037140805,
        "ci_upper": 1.4190188902149612,
        "samples": 50
      },
      "achieved_flops": 1308489228774.3054,
      "efficiency": {
        "mean": 0.4914698124903491,
        "std": 0.006536402612699828,
        "min": 0.48022049322395344,
        "max": 0.5027502893327009,
        "ci_lower": 0.4896580141224429,
        "ci_upper": 0.4932816108582553,
        "samples": 50
      },
      "node_names": [
        "features_3",
        "features_4"
      ],
      "source_model": "vgg11"
    },
    {
      "subgraph_id": 3,
      "fusion_pattern": "Unfused",
      "operation_type": "unfused",
      "flops": 0,
      "total_bytes": 8028160,
      "arithmetic_intensity": 0.0,
      "theoretical_peak_flops": 2662400000000.0,
      "measured_latency": {
        "mean": 0.3298003202676773,
        "std": 0.0037767016791408624,
        "min": 0.32371199131011963,
        "max": 0.3413439989089966,
        "ci_lower": 0.32875347197148436,
        "ci_upper": 0.33084716856387025,
        "samples": 50
      },
      "achieved_flops": 0,
      "efficiency": {
        "mean": 0,
        "std": 0,
        "min": 0,
        "max": 0,
        "ci_lower": 0,
        "ci_upper": 0,
        "samples": 0
      },
      "node_names": [
        "features_5"
      ],
      "source_model": "vgg11"
    },
    {
      "subgraph_id": 4,
      "fusion_pattern": "Conv2d_ReLU",
      "operation_type": "conv2d",
      "flops": 1849688064,
      "total_bytes": 5997568,
      "arithmetic_intensity": 308.40635137442376,
      "theoretical_peak_flops": 2662400000000.0,
      "measured_latency": {
        "mean": 1.0178086388856173,
        "std": 0.03171707093669379,
        "min": 0.9904959872364998,
        "max": 1.2198399789631367,
        "ci_lower": 1.0090171153576426,
        "ci_upper": 1.026600162413592,
        "samples": 50
      },
      "achieved_flops": 1818822261942.3503,
      "efficiency": {
        "mean": 0.6831513904531064,
        "std": 0.018478975282759626,
        "min": 0.5695375027592947,
        "max": 0.7014108328928866,
        "ci_lower": 0.6780292798302338,
        "ci_upper": 0.688273501075979,
        "samples": 50
      },
      "node_names": [
        "features_6",
        "features_7"
      ],
      "source_model": "vgg11"
    },
    {
      "subgraph_id": 5,
      "fusion_pattern": "Conv2d_ReLU",
      "operation_type": "conv2d",
      "flops": 3699376128,
      "total_bytes": 8782848,
      "arithmetic_intensity": 421.20461699895066,
      "theoretical_peak_flops": 2662400000000.0,
      "measured_latency": {
        "mean": 1.539789431989193,
        "std": 0.03335842876915359,
        "min": 1.331615962088108,
        "max": 1.5614399686455727,
        "ci_lower": 1.5305429472817733,
        "ci_upper": 1.5490359166966126,
        "samples": 50
      },
      "achieved_flops": 2403763181155.59,
      "efficiency": {
        "mean": 0.9028557621527907,
        "std": 0.022009035091457026,
        "min": 0.8898768179826372,
        "max": 1.043460930424994,
        "ci_lower": 0.8967551688722583,
        "ci_upper": 0.9089563554333232,
        "samples": 50
      },
      "node_names": [
        "features_8",
        "features_9"
      ],
      "source_model": "vgg11"
    },
    {
      "subgraph_id": 6,
      "fusion_pattern": "Unfused",
      "operation_type": "unfused",
      "flops": 0,
      "total_bytes": 4014080,
      "arithmetic_intensity": 0.0,
      "theoretical_peak_flops": 2662400000000.0,
      "measured_latency": {
        "mean": 0.20895616024732588,
        "std": 0.006626921086684602,
        "min": 0.20364800095558167,
        "max": 0.24447999894618988,
        "ci_lower": 0.20711927143852302,
        "ci_upper": 0.21079304905612875,
        "samples": 50
      },
      "achieved_flops": 0,
      "efficiency": {
        "mean": 0,
        "std": 0,
        "min": 0,
        "max": 0,
        "ci_lower": 0,
        "ci_upper": 0,
        "samples": 0
      },
      "node_names": [
        "features_10"
      ],
      "source_model": "vgg11"
    },
    {
      "subgraph_id": 7,
      "fusion_pattern": "Conv2d_ReLU",
      "operation_type": "conv2d",
      "flops": 1849688064,
      "total_bytes": 7129088,
      "arithmetic_intensity": 259.45647802355643,
      "theoretical_peak_flops": 2662400000000.0,
      "measured_latency": {
        "mean": 1.2990124814212323,
        "std": 0.019025884185954724,
        "min": 1.2644479796290398,
        "max": 1.3376640528440475,
        "ci_lower": 1.2937387753846565,
        "ci_upper": 1.304286187457808,
        "samples": 50
      },
      "achieved_flops": 1424221492806.904,
      "efficiency": {
        "mean": 0.5349389621420162,
        "std": 0.007926003620012273,
        "min": 0.5193715222499237,
        "max": 0.5494449962175887,
        "ci_lower": 0.5327419860263076,
        "ci_upper": 0.5371359382577248,
        "samples": 50
      },
      "node_names": [
        "features_11",
        "features_12"
      ],
      "source_model": "vgg11"
    },
    {
      "subgraph_id": 8,
      "fusion_pattern": "Conv2d_ReLU",
      "operation_type": "conv2d",
      "flops": 3699376128,
      "total_bytes": 12650496,
      "arithmetic_intensity": 292.4293346284604,
      "theoretical_peak_flops": 2662400000000.0,
      "measured_latency": {
        "mean": 2.3450515154004097,
        "std": 0.050964739280450755,